"state","year","party","seats"
"Jharkhand",2005,"INC","11.11"
"Jharkhand",2009,"INC","17.28"
"Jharkhand",2014,"INC","7.41"
"Jharkhand",2005,"BJP","38.27"
"Jharkhand",2009,"BJP","22.22"
"Jharkhand",2014,"BJP","45.68"
"Jharkhand",2005,"JD(U)","7.41"
"Jharkhand",2009,"JD(U)","2.47"
"Jharkhand",2014,"JD(U)","0"
"Jharkhand",2005,"JMM","19.75"
"Jharkhand",2009,"JMM","22.22"
"Jharkhand",2014,"JMM","23.46"
"Jharkhand",2005,"RJD","8.64"
"Jharkhand",2009,"RJD","6.17"
"Jharkhand",2014,"RJD","0"
"Jharkhand",2009,"AJSUP","6.17"
"Jharkhand",2014,"AJSUP","6.17"
"Jharkhand",2009,"JVM","13.58"
"Jharkhand",2014,"JVM","9.88"
"Nagaland",1964,"IND","100"
"Nagaland",1969,"IND","20"
"Nagaland",1974,"IND","20"
"Nagaland",1977,"IND","15"
"Nagaland",1982,"IND","20"
"Nagaland",1987,"IND","11.67"
"Nagaland",1989,"IND","0"
"Nagaland",1993,"IND","11.67"
"Nagaland",1998,"IND","12.73"
"Nagaland",2003,"IND","6.67"
"Nagaland",2008,"IND","11.67"
"Nagaland",2013,"IND","13.33"
"Nagaland",1969,"NNO","55"
"Nagaland",1974,"NNO","38.33"
"Nagaland",1969,"UFN","25"
"Nagaland",1974,"UDF","41.67"
"Nagaland",1977,"UDF","58.33"
"Nagaland",1977,"NCN","1.67"
"Nagaland",1977,"INC","25"
"Nagaland",1982,"INC","40"
"Nagaland",1987,"INC","56.67"
"Nagaland",1989,"INC","60"
"Nagaland",1993,"INC","58.33"
"Nagaland",1998,"INC","87.27"
"Nagaland",2003,"INC","35"
"Nagaland",2008,"INC","38.33"
"Nagaland",2013,"INC","13.33"
"Nagaland",1982,"NND","40"
"Nagaland",1987,"NND","30"
"Nagaland",1987,"NPP","1.67"
"Nagaland",1989,"NPP","0"
"Nagaland",1989,"NPC","40"
"Nagaland",1993,"NPC","28.33"
"Nagaland",1993,"DLP","1.67"
"Nagaland",1987,"BJP","0"
"Nagaland",1993,"BJP","0"
"Nagaland",2003,"BJP","11.67"
"Nagaland",2008,"BJP","3.33"
"Nagaland",2013,"BJP","1.67"
"Nagaland",2003,"NDM","8.33"
"Nagaland",2003,"NPF","31.67"
"Nagaland",2008,"NPF","43.33"
"Nagaland",2013,"NPF","63.33"
"Nagaland",2003,"NCP","0"
"Nagaland",2008,"NCP","3.33"
"Nagaland",2013,"NCP","6.67"
"Goa,_Daman_&_Diu",1967,"MAG","53.33"
"Goa,_Daman_&_Diu",1972,"MAG","60"
"Goa,_Daman_&_Diu",1977,"MAG","50"
"Goa,_Daman_&_Diu",1980,"MAG","23.33"
"Goa,_Daman_&_Diu",1984,"MAG","26.67"
"Goa,_Daman_&_Diu",1967,"UGS","40"
"Goa,_Daman_&_Diu",1972,"UGS","33.33"
"Goa,_Daman_&_Diu",1967,"IND","6.67"
"Goa,_Daman_&_Diu",1972,"IND","3.33"
"Goa,_Daman_&_Diu",1977,"IND","6.67"
"Goa,_Daman_&_Diu",1980,"IND","10"
"Goa,_Daman_&_Diu",1984,"IND","13.33"
"Goa,_Daman_&_Diu",1972,"INC","3.33"
"Goa,_Daman_&_Diu",1977,"INC","33.33"
"Goa,_Daman_&_Diu",1984,"INC","60"
"Goa,_Daman_&_Diu",1977,"JNP","10"
"Goa,_Daman_&_Diu",1980,"JNP","0"
"Goa,_Daman_&_Diu",1984,"JNP","0"
"Goa,_Daman_&_Diu",1980,"INC(U)","66.67"
"Assam",1962,"INC","75.24"
"Assam",1967,"INC","58.4"
"Assam",1972,"INC","83.33"
"Assam",1978,"INC","20.63"
"Assam",1983,"INC","83.49"
"Assam",1985,"INC","19.84"
"Assam",1991,"INC","52.38"
"Assam",1996,"INC","27.87"
"Assam",2001,"INC","56.35"
"Assam",2006,"INC","44.44"
"Assam",2011,"INC","61.9"
"Assam",2016,"INC","20.63"
"Assam",1962,"HLC","10.48"
"Assam",1962,"RCP","0.95"
"Assam",1962,"IND","7.62"
"Assam",1967,"IND","20"
"Assam",1972,"IND","8.77"
"Assam",1978,"IND","11.9"
"Assam",1983,"IND","9.17"
"Assam",1985,"IND","73.02"
"Assam",1991,"IND","11.9"
"Assam",1996,"IND","9.02"
"Assam",2001,"IND","15.08"
"Assam",2006,"IND","14.29"
"Assam",2011,"IND","1.59"
"Assam",2016,"IND","0.79"
"Assam",1962,"PSP","5.71"
"Assam",1967,"PSP","4"
"Assam",1967,"AHL","7.2"
"Assam",1962,"CPI","0"
"Assam",1967,"CPI","5.6"
"Assam",1972,"CPI","2.63"
"Assam",1978,"CPI","3.97"
"Assam",1983,"CPI","0.92"
"Assam",1985,"CPI","0"
"Assam",1991,"CPI","3.17"
"Assam",1996,"CPI","2.46"
"Assam",2001,"CPI","0"
"Assam",2006,"CPI","0.79"
"Assam",2011,"CPI","0"
"Assam",2016,"CPI","0"
"Assam",1967,"SWA","1.6"
"Assam",1972,"SWA","0.88"
"Assam",1972,"SOP","3.51"
"Assam",1967,"CPM","0"
"Assam",1972,"CPM","0"
"Assam",1978,"CPM","8.73"
"Assam",1983,"CPM","1.83"
"Assam",1985,"CPM","1.59"
"Assam",1991,"CPM","1.59"
"Assam",1996,"CPM","1.64"
"Assam",2001,"CPM","0"
"Assam",2011,"CPM","0"
"Assam",2016,"CPM","0"
"Assam",1978,"JNP","42.06"
"Assam",1985,"JNP","0"
"Assam",1978,"INC(I)","6.35"
"Assam",1972,"PTC","0.88"
"Assam",1978,"PTC","3.17"
"Assam",1983,"PTC","2.75"
"Assam",1985,"PTC","2.38"
"Assam",1983,"ICS","1.83"
"Assam",1985,"ICS","3.17"
"Assam",1996,"ICS","0"
"Assam",1991,"AGP","15.08"
"Assam",1996,"AGP","48.36"
"Assam",2001,"AGP","15.87"
"Assam",2006,"AGP","18.25"
"Assam",2011,"AGP","7.94"
"Assam",2016,"AGP","11.11"
"Assam",1985,"BJP","0"
"Assam",1991,"BJP","7.94"
"Assam",1996,"BJP","3.28"
"Assam",2001,"BJP","6.35"
"Assam",2006,"BJP","9.52"
"Assam",2011,"BJP","3.97"
"Assam",2016,"BJP","47.62"
"Assam",1991,"NAGP","3.97"
"Assam",1996,"ASDC","4.1"
"Assam",2006,"ASDC","0.79"
"Assam",2011,"ASDC","0"
"Assam",2001,"NCP","2.38"
"Assam",2006,"NCP","0.79"
"Assam",2011,"NCP","0"
"Assam",2016,"NCP","0"
"Assam",2006,"AUDF","7.94"
"Assam",2011,"AIUDF","14.29"
"Assam",2016,"AIUDF","10.32"
"Assam",2011,"BOPF","9.52"
"Assam",2016,"BOPF","9.52"
"Meghalaya",1972,"AHL","53.33"
"Meghalaya",1978,"AHL","26.67"
"Meghalaya",1983,"AHL","25"
"Meghalaya",1972,"IND","31.67"
"Meghalaya",1978,"IND","16.67"
"Meghalaya",1983,"IND","5"
"Meghalaya",1988,"IND","15"
"Meghalaya",1993,"IND","16.67"
"Meghalaya",1998,"IND","8.33"
"Meghalaya",2003,"IND","8.33"
"Meghalaya",2008,"IND","8.33"
"Meghalaya",2013,"IND","3.5"
"Meghalaya",1972,"INC","15"
"Meghalaya",1978,"INC","33.33"
"Meghalaya",1983,"INC","41.67"
"Meghalaya",1988,"INC","36.67"
"Meghalaya",1993,"INC","40"
"Meghalaya",1998,"INC","41.67"
"Meghalaya",2003,"INC","36.67"
"Meghalaya",2008,"INC","41.67"
"Meghalaya",2013,"INC","10.5"
"Meghalaya",1978,"HPD","23.33"
"Meghalaya",1983,"HPD","25"
"Meghalaya",1988,"HPD","10"
"Meghalaya",1983,"PDC","3.33"
"Meghalaya",1988,"PDC","3.33"
"Meghalaya",1988,"HPU","31.67"
"Meghalaya",1993,"HPU","18.33"
"Meghalaya",1988,"AHL(A)","3.33"
"Meghalaya",1993,"AHLC(AM)","5"
"Meghalaya",1993,"HPSD","13.33"
"Meghalaya",1993,"BJP","0"
"Meghalaya",1998,"BJP","5"
"Meghalaya",2003,"BJP","3.33"
"Meghalaya",2008,"BJP","1.67"
"Meghalaya",2013,"BJP","81.5"
"Meghalaya",1998,"HPDP","5"
"Meghalaya",2003,"HPDP","3.33"
"Meghalaya",1998,"UDP","33.33"
"Meghalaya",2003,"UDP","15"
"Meghalaya",2008,"UDP","18.33"
"Meghalaya",2003,"MDP","6.67"
"Meghalaya",2008,"MDP","0"
"Meghalaya",2003,"NCP","23.33"
"Meghalaya",2008,"NCP","25"
"Meghalaya",2013,"NCP","0"
"Meghalaya",2008,"HSPDP","3.33"
"Meghalaya",2013,"NPEP","2"
"Meghalaya",2013,"BSP","1.5"
"Haryana",1967,"INC","59.26"
"Haryana",1968,"INC","59.26"
"Haryana",1972,"INC","64.2"
"Haryana",1977,"INC","3.33"
"Haryana",1982,"INC","40"
"Haryana",1987,"INC","5.56"
"Haryana",1991,"INC","56.67"
"Haryana",1996,"INC","10"
"Haryana",2000,"INC","23.33"
"Haryana",2005,"INC","74.44"
"Haryana",2009,"INC","44.44"
"Haryana",2014,"INC","16.67"
"Haryana",1967,"IND","19.75"
"Haryana",1968,"IND","7.41"
"Haryana",1972,"IND","13.58"
"Haryana",1977,"IND","7.78"
"Haryana",1982,"IND","17.78"
"Haryana",1987,"IND","7.78"
"Haryana",1991,"IND","5.56"
"Haryana",1996,"IND","11.11"
"Haryana",2000,"IND","12.22"
"Haryana",2005,"IND","11.11"
"Haryana",2009,"IND","7.78"
"Haryana",2014,"IND","5.56"
"Haryana",1967,"RPI","2.47"
"Haryana",1968,"RPI","1.23"
"Haryana",1972,"RPI","0"
"Haryana",1977,"RPI","0"
"Haryana",1991,"RPI","0"
"Haryana",1996,"RPI","0"
"Haryana",2000,"RPI","1.11"
"Haryana",2009,"RPI","0"
"Haryana",1967,"BJS","14.81"
"Haryana",1968,"BJS","8.64"
"Haryana",1972,"BJS","2.47"
"Haryana",1967,"SWA","3.7"
"Haryana",1968,"SWA","2.47"
"Haryana",1968,"VHP","19.75"
"Haryana",1972,"VHP","3.7"
"Haryana",1977,"VHP","5.56"
"Haryana",1991,"VHP","0"
"Haryana",1972,"NCO","14.81"
"Haryana",1977,"JNP","83.33"
"Haryana",1982,"JNP","1.11"
"Haryana",1987,"JNP","0"
"Haryana",1982,"BJP","6.67"
"Haryana",1987,"BJP","17.78"
"Haryana",1991,"BJP","2.22"
"Haryana",1996,"BJP","12.22"
"Haryana",2000,"BJP","6.67"
"Haryana",2005,"BJP","2.22"
"Haryana",2009,"BJP","4.44"
"Haryana",2014,"BJP","52.22"
"Haryana",1982,"LKD","34.44"
"Haryana",1987,"LKD","66.67"
"Haryana",1991,"LKD","0"
"Haryana",1967,"CPM","0"
"Haryana",1968,"CPM","0"
"Haryana",1972,"CPM","0"
"Haryana",1977,"CPM","0"
"Haryana",1982,"CPM","0"
"Haryana",1987,"CPM","1.11"
"Haryana",1991,"CPM","0"
"Haryana",1996,"CPM","0"
"Haryana",2000,"CPM","0"
"Haryana",2005,"CPM","0"
"Haryana",2009,"CPM","0"
"Haryana",2014,"CPM","0"
"Haryana",1991,"HVP","13.33"
"Haryana",1996,"HVP","36.67"
"Haryana",2000,"HVP","2.22"
"Haryana",1991,"JD","3.33"
"Haryana",1996,"JD","0"
"Haryana",1991,"JP","17.78"
"Haryana",1996,"JP","0"
"Haryana",2000,"JP","0"
"Haryana",1996,"SAP","26.67"
"Haryana",2000,"INLD","52.22"
"Haryana",2005,"INLD","10"
"Haryana",2009,"INLD","34.44"
"Haryana",2014,"INLD","21.11"
"Haryana",2000,"NCP","1.11"
"Haryana",2005,"NCP","1.11"
"Haryana",2009,"NCP","0"
"Haryana",2009,"HJCBL","6.67"
"Haryana",2014,"HJCBL","2.22"
"Punjab",1962,"AD","12.34"
"Punjab",1962,"CPI","5.84"
"Punjab",1967,"CPI","4.81"
"Punjab",1969,"CPI","3.85"
"Punjab",1972,"CPI","9.62"
"Punjab",1977,"CPI","5.98"
"Punjab",1980,"CPI","7.69"
"Punjab",1985,"CPI","0.85"
"Punjab",1992,"CPI","3.42"
"Punjab",1997,"CPI","1.71"
"Punjab",2002,"CPI","1.71"
"Punjab",2007,"CPI","0"
"Punjab",2012,"CPI","0"
"Punjab",1962,"JS","5.19"
"Punjab",1962,"INC","58.44"
"Punjab",1967,"INC","46.15"
"Punjab",1969,"INC","36.54"
"Punjab",1972,"INC","63.46"
"Punjab",1977,"INC","14.53"
"Punjab",1985,"INC","27.35"
"Punjab",1992,"INC","74.36"
"Punjab",1997,"INC","11.97"
"Punjab",2002,"INC","52.99"
"Punjab",2007,"INC","37.93"
"Punjab",2012,"INC","39.32"
"Punjab",1962,"IND","11.69"
"Punjab",1967,"IND","8.65"
"Punjab",1969,"IND","3.85"
"Punjab",1972,"IND","2.88"
"Punjab",1977,"IND","1.71"
"Punjab",1980,"IND","1.71"
"Punjab",1985,"IND","3.42"
"Punjab",1992,"IND","3.42"
"Punjab",1997,"IND","5.13"
"Punjab",2002,"IND","7.69"
"Punjab",2007,"IND","4.31"
"Punjab",2012,"IND","2.56"
"Punjab",1967,"ADS","23.08"
"Punjab",1967,"BJS","8.65"
"Punjab",1969,"BJS","7.69"
"Punjab",1972,"BJS","0"
"Punjab",1969,"SAD","41.35"
"Punjab",1972,"SAD","23.08"
"Punjab",1977,"SAD","49.57"
"Punjab",1980,"SAD","31.62"
"Punjab",1985,"SAD","62.39"
"Punjab",1992,"SAD","2.56"
"Punjab",1997,"SAD","64.1"
"Punjab",2002,"SAD","35.04"
"Punjab",2007,"SAD","41.38"
"Punjab",2012,"SAD","47.86"
"Punjab",1967,"CPM","2.88"
"Punjab",1969,"CPM","1.92"
"Punjab",1972,"CPM","0.96"
"Punjab",1977,"CPM","6.84"
"Punjab",1980,"CPM","4.27"
"Punjab",1985,"CPM","0"
"Punjab",1992,"CPM","0.85"
"Punjab",1997,"CPM","0"
"Punjab",2002,"CPM","0"
"Punjab",2007,"CPM","0"
"Punjab",2012,"CPM","0"
"Punjab",1977,"JNP","21.37"
"Punjab",1985,"JNP","0.85"
"Punjab",1980,"INC(I)","53.85"
"Punjab",1980,"BJP","0.85"
"Punjab",1985,"BJP","5.13"
"Punjab",1992,"BJP","5.13"
"Punjab",1997,"BJP","15.38"
"Punjab",2002,"BJP","2.56"
"Punjab",2007,"BJP","16.38"
"Punjab",2012,"BJP","10.26"
"Punjab",1992,"BSP","7.69"
"Punjab",1997,"BSP","0.85"
"Punjab",2002,"BSP","0"
"Punjab",2007,"BSP","0"
"Punjab",2012,"BSP","0"
"Sikkim",1979,"IND","3.12"
"Sikkim",1985,"IND","3.12"
"Sikkim",1989,"IND","0"
"Sikkim",1994,"IND","3.12"
"Sikkim",1999,"IND","3.12"
"Sikkim",2004,"IND","0"
"Sikkim",2009,"IND","0"
"Sikkim",2014,"IND","0"
"Sikkim",1979,"SCR","34.38"
"Sikkim",1979,"SJP","50"
"Sikkim",1979,"SPC","12.5"
"Sikkim",1985,"SPC","0"
"Sikkim",1979,"INC","0"
"Sikkim",1985,"INC","3.12"
"Sikkim",1989,"INC","0"
"Sikkim",1994,"INC","6.25"
"Sikkim",1999,"INC","0"
"Sikkim",2004,"INC","3.57"
"Sikkim",2009,"INC","0"
"Sikkim",2014,"INC","0"
"Sikkim",1985,"SSP","93.75"
"Sikkim",1989,"SSP","100"
"Sikkim",1994,"SSP","31.25"
"Sikkim",1999,"SSP","21.88"
"Sikkim",2004,"SSP","0"
"Sikkim",1994,"SDF","59.38"
"Sikkim",1999,"SDF","75"
"Sikkim",2004,"SDF","96.43"
"Sikkim",2009,"SDF","100"
"Sikkim",2014,"SDF","68.75"
"Sikkim",2014,"SKM","31.25"
"Manipur",1967,"INC","53.33"
"Manipur",1972,"INC","28.33"
"Manipur",1974,"INC","21.67"
"Manipur",1984,"INC","50"
"Manipur",1990,"INC","44.44"
"Manipur",1995,"INC","36.67"
"Manipur",2000,"INC","18.33"
"Manipur",2002,"INC","33.33"
"Manipur",2007,"INC","50"
"Manipur",2012,"INC","70"
"Manipur",1967,"CPI","3.33"
"Manipur",1972,"CPI","8.33"
"Manipur",1974,"CPI","10"
"Manipur",1980,"CPI","8.33"
"Manipur",1984,"CPI","1.67"
"Manipur",1990,"CPI","5.56"
"Manipur",1995,"CPI","3.33"
"Manipur",2000,"CPI","0"
"Manipur",2002,"CPI","8.33"
"Manipur",2007,"CPI","6.67"
"Manipur",2012,"CPI","0"
"Manipur",1967,"SSP","13.33"
"Manipur",1967,"IND","30"
"Manipur",1972,"IND","31.67"
"Manipur",1974,"IND","8.33"
"Manipur",1980,"IND","31.67"
"Manipur",1984,"IND","35"
"Manipur",1990,"IND","0"
"Manipur",1995,"IND","5"
"Manipur",2000,"IND","1.67"
"Manipur",2002,"IND","0"
"Manipur",2007,"IND","16.67"
"Manipur",2012,"IND","0"
"Manipur",1972,"SOP","5"
"Manipur",1974,"SOP","3.33"
"Manipur",1972,"MRP","25"
"Manipur",1974,"MRP","33.33"
"Manipur",1984,"MRP","5"
"Manipur",1974,"MHU","20"
"Manipur",1980,"INC(U)","10"
"Manipur",1980,"INC(I)","21.67"
"Manipur",1980,"JNP","16.67"
"Manipur",1984,"JNP","6.67"
"Manipur",1974,"KNA","3.33"
"Manipur",1980,"KNA","3.33"
"Manipur",1984,"KNA","1.67"
"Manipur",1990,"KNA","3.7"
"Manipur",1995,"KNA","0"
"Manipur",2000,"KNA","0"
"Manipur",1980,"MPP","6.67"
"Manipur",1990,"MPP","16.67"
"Manipur",1995,"MPP","30"
"Manipur",2000,"MPP","6.67"
"Manipur",2002,"MPP","3.33"
"Manipur",2007,"MPP","8.33"
"Manipur",2012,"MPP","0"
"Manipur",1990,"ICS(SCS)","7.41"
"Manipur",1990,"JD","20.37"
"Manipur",1995,"JD","11.67"
"Manipur",1995,"FPM","3.33"
"Manipur",2000,"FPM","10"
"Manipur",2002,"FPM","21.67"
"Manipur",2000,"NCP","8.33"
"Manipur",2002,"NCP","5"
"Manipur",2007,"NCP","8.33"
"Manipur",2012,"NCP","1.67"
"Manipur",2000,"MSCP","38.33"
"Manipur",2002,"MSCP","11.67"
"Manipur",2007,"MSCP","0"
"Manipur",2012,"MSCP","8.33"
"Manipur",1984,"BJP","0"
"Manipur",1990,"BJP","0"
"Manipur",1995,"BJP","1.67"
"Manipur",2000,"BJP","10"
"Manipur",2002,"BJP","6.67"
"Manipur",2007,"BJP","0"
"Manipur",2012,"BJP","0"
"Manipur",2012,"AITC","11.67"
"Manipur",2012,"NPF","6.67"
"Puducherry",1964,"IND","16.67"
"Puducherry",1969,"IND","6.67"
"Puducherry",1974,"IND","3.33"
"Puducherry",1977,"IND","10"
"Puducherry",1980,"IND","6.67"
"Puducherry",1985,"IND","6.67"
"Puducherry",1990,"IND","3.33"
"Puducherry",1991,"IND","10"
"Puducherry",1996,"IND","6.67"
"Puducherry",2001,"IND","6.67"
"Puducherry",2006,"IND","10"
"Puducherry",2011,"IND","3.33"
"Puducherry",2016,"IND","3.33"
"Puducherry",1964,"PF","13.33"
"Puducherry",1964,"CONG","66.67"
"Puducherry",1964,"INC","3.33"
"Puducherry",1969,"INC","33.33"
"Puducherry",1974,"INC","23.33"
"Puducherry",1977,"INC","6.67"
"Puducherry",1985,"INC","50"
"Puducherry",1990,"INC","36.67"
"Puducherry",1991,"INC","50"
"Puducherry",1996,"INC","30"
"Puducherry",2001,"INC","36.67"
"Puducherry",2006,"INC","33.33"
"Puducherry",2011,"INC","23.33"
"Puducherry",2016,"INC","46.67"
"Puducherry",1969,"DMK","50"
"Puducherry",1974,"DMK","6.67"
"Puducherry",1977,"DMK","10"
"Puducherry",1980,"DMK","46.67"
"Puducherry",1985,"DMK","16.67"
"Puducherry",1990,"DMK","30"
"Puducherry",1991,"DMK","13.33"
"Puducherry",1996,"DMK","23.33"
"Puducherry",2001,"DMK","23.33"
"Puducherry",2006,"DMK","23.33"
"Puducherry",2011,"DMK","6.67"
"Puducherry",2016,"DMK","6.67"
"Puducherry",1969,"CPI","10"
"Puducherry",1974,"CPI","6.67"
"Puducherry",1977,"CPI","3.33"
"Puducherry",1980,"CPI","0"
"Puducherry",1985,"CPI","0"
"Puducherry",1990,"CPI","6.67"
"Puducherry",1991,"CPI","3.33"
"Puducherry",1996,"CPI","6.67"
"Puducherry",2001,"CPI","0"
"Puducherry",2006,"CPI","3.33"
"Puducherry",2011,"CPI","0"
"Puducherry",2016,"CPI","0"
"Puducherry",1974,"ADK","40"
"Puducherry",1977,"ADK","46.67"
"Puducherry",1980,"ADK","0"
"Puducherry",1985,"ADK","20"
"Puducherry",1990,"ADK","10"
"Puducherry",1991,"ADK","20"
"Puducherry",1974,"NCO","16.67"
"Puducherry",1977,"JNP","23.33"
"Puducherry",1980,"JNP","10"
"Puducherry",1985,"JNP","6.67"
"Puducherry",1980,"INC(I)","33.33"
"Puducherry",1974,"CPM","3.33"
"Puducherry",1980,"CPM","3.33"
"Puducherry",1985,"CPM","0"
"Puducherry",1990,"CPM","0"
"Puducherry",1991,"CPM","0"
"Puducherry",1996,"CPM","0"
"Puducherry",2001,"CPM","0"
"Puducherry",2011,"CPM","0"
"Puducherry",2016,"CPM","0"
"Puducherry",1990,"JD","13.33"
"Puducherry",1991,"JD","3.33"
"Puducherry",1996,"JD","3.33"
"Puducherry",1996,"ADMK","10"
"Puducherry",2001,"ADMK","10"
"Puducherry",2016,"ADMK","13.33"
"Puducherry",1996,"TMC(M)","16.67"
"Puducherry",2001,"TMC(M)","6.67"
"Puducherry",2001,"PMC","13.33"
"Puducherry",2006,"PMC","10"
"Puducherry",2006,"AIADMK","10"
"Puducherry",2011,"AIADMK","16.67"
"Puducherry",2011,"AINRC","50"
"Puducherry",2016,"AINRC","30"
"Karnataka",1978,"JNP","26.34"
"Karnataka",1983,"JNP","42.41"
"Karnataka",1985,"JNP","62.05"
"Karnataka",1978,"INC(I)","66.52"
"Karnataka",1978,"CPI","1.34"
"Karnataka",1983,"CPI","1.34"
"Karnataka",1985,"CPI","1.34"
"Karnataka",1989,"CPI","0"
"Karnataka",1994,"CPI","0"
"Karnataka",1999,"CPI","0"
"Karnataka",2004,"CPI","0"
"Karnataka",2008,"CPI","0"
"Karnataka",2013,"CPI","0"
"Karnataka",1978,"INC","0.89"
"Karnataka",1983,"INC","36.61"
"Karnataka",1985,"INC","29.02"
"Karnataka",1989,"INC","79.46"
"Karnataka",1994,"INC","15.18"
"Karnataka",1999,"INC","58.93"
"Karnataka",2004,"INC","29.02"
"Karnataka",2008,"INC","35.71"
"Karnataka",2013,"INC","54.46"
"Karnataka",1978,"IND","4.46"
"Karnataka",1983,"IND","9.82"
"Karnataka",1985,"IND","5.8"
"Karnataka",1989,"IND","5.36"
"Karnataka",1994,"IND","8.04"
"Karnataka",1999,"IND","8.48"
"Karnataka",2004,"IND","5.8"
"Karnataka",2008,"IND","2.68"
"Karnataka",2013,"IND","4.02"
"Karnataka",1983,"BJP","8.04"
"Karnataka",1985,"BJP","0.89"
"Karnataka",1989,"BJP","1.79"
"Karnataka",1994,"BJP","17.86"
"Karnataka",1999,"BJP","19.64"
"Karnataka",2004,"BJP","35.27"
"Karnataka",2008,"BJP","49.11"
"Karnataka",2013,"BJP","17.86"
"Karnataka",1978,"CPM","0"
"Karnataka",1983,"CPM","1.34"
"Karnataka",1985,"CPM","0.89"
"Karnataka",1989,"CPM","0"
"Karnataka",1994,"CPM","0.45"
"Karnataka",1999,"CPM","0"
"Karnataka",2004,"CPM","0.45"
"Karnataka",2008,"CPM","0"
"Karnataka",2013,"CPM","0"
"Karnataka",1989,"JNP(JP)","0.89"
"Karnataka",1989,"JD","10.71"
"Karnataka",1994,"JD","51.34"
"Karnataka",1994,"KCP","4.46"
"Karnataka",1999,"JD(U)","8.04"
"Karnataka",2004,"JD(U)","2.23"
"Karnataka",2008,"JD(U)","0"
"Karnataka",2013,"JD(U)","0"
"Karnataka",1999,"JD(S)","4.46"
"Karnataka",2004,"JD(S)","25.89"
"Karnataka",2008,"JD(S)","12.5"
"Karnataka",2013,"JD(S)","17.86"
"Karnataka",2013,"KJP","2.68"
"Maharashtra",1962,"IND","5.68"
"Maharashtra",1967,"IND","5.93"
"Maharashtra",1972,"IND","8.52"
"Maharashtra",1978,"IND","9.72"
"Maharashtra",1980,"IND","3.47"
"Maharashtra",1985,"IND","6.94"
"Maharashtra",1990,"IND","4.51"
"Maharashtra",1995,"IND","15.62"
"Maharashtra",1999,"IND","4.17"
"Maharashtra",2004,"IND","6.71"
"Maharashtra",2009,"IND","8.33"
"Maharashtra",2014,"IND","2.43"
"Maharashtra",1962,"CPI","2.27"
"Maharashtra",1967,"CPI","3.7"
"Maharashtra",1972,"CPI","0.74"
"Maharashtra",1978,"CPI","0.35"
"Maharashtra",1980,"CPI","0.69"
"Maharashtra",1985,"CPI","0.69"
"Maharashtra",1990,"CPI","0.69"
"Maharashtra",1995,"CPI","0"
"Maharashtra",1999,"CPI","0"
"Maharashtra",2004,"CPI","0"
"Maharashtra",2009,"CPI","0"
"Maharashtra",2014,"CPI","0"
"Maharashtra",1962,"PWP","5.68"
"Maharashtra",1967,"PWP","7.04"
"Maharashtra",1972,"PWP","2.59"
"Maharashtra",1978,"PWP","4.51"
"Maharashtra",1980,"PWP","3.12"
"Maharashtra",1985,"PWP","4.51"
"Maharashtra",1990,"PWP","2.78"
"Maharashtra",1995,"PWP","2.08"
"Maharashtra",1962,"PSP","3.79"
"Maharashtra",1967,"PSP","2.96"
"Maharashtra",1962,"INC","81.06"
"Maharashtra",1967,"INC","75.19"
"Maharashtra",1972,"INC","82.22"
"Maharashtra",1978,"INC","23.96"
"Maharashtra",1985,"INC","55.9"
"Maharashtra",1990,"INC","48.96"
"Maharashtra",1995,"INC","27.78"
"Maharashtra",1999,"INC","26.04"
"Maharashtra",2004,"INC","23.67"
"Maharashtra",2009,"INC","28.47"
"Maharashtra",2014,"INC","14.58"
"Maharashtra",1972,"SOP","1.11"
"Maharashtra",1967,"BJS","1.48"
"Maharashtra",1972,"BJS","1.85"
"Maharashtra",1978,"INC(I)","21.53"
"Maharashtra",1980,"INC(I)","64.58"
"Maharashtra",1978,"JNP","34.38"
"Maharashtra",1985,"JNP","6.94"
"Maharashtra",1980,"INC(U)","16.32"
"Maharashtra",1980,"JNP(JP)","5.9"
"Maharashtra",1990,"JNP(JP)","0"
"Maharashtra",1980,"BJP","4.86"
"Maharashtra",1985,"BJP","5.56"
"Maharashtra",1990,"BJP","14.58"
"Maharashtra",1995,"BJP","22.57"
"Maharashtra",1999,"BJP","19.44"
"Maharashtra",2004,"BJP","18.37"
"Maharashtra",2009,"BJP","15.97"
"Maharashtra",2014,"BJP","42.36"
"Maharashtra",1985,"ICS","18.75"
"Maharashtra",1995,"ICS","0"
"Maharashtra",1990,"JD","8.33"
"Maharashtra",1995,"JD","3.82"
"Maharashtra",1972,"SHS","0.37"
"Maharashtra",1978,"SHS","0"
"Maharashtra",1990,"SHS","18.06"
"Maharashtra",1995,"SHS","25.35"
"Maharashtra",1999,"SHS","23.96"
"Maharashtra",2004,"SHS","21.55"
"Maharashtra",2009,"SHS","15.28"
"Maharashtra",2014,"SHS","21.88"
"Maharashtra",1999,"NCP","20.14"
"Maharashtra",2004,"NCP","25.09"
"Maharashtra",2009,"NCP","21.53"
"Maharashtra",2014,"NCP","14.24"
"Chhattisgarh",2003,"BJP","55.56"
"Chhattisgarh",2008,"BJP","55.56"
"Chhattisgarh",2013,"BJP","54.44"
"Chhattisgarh",2003,"INC","41.11"
"Chhattisgarh",2008,"INC","42.22"
"Chhattisgarh",2013,"INC","43.33"
"Chhattisgarh",2003,"BSP","2.22"
"Chhattisgarh",2008,"BSP","2.22"
"Chhattisgarh",2013,"BSP","1.11"
"Chhattisgarh",2003,"NCP","1.11"
"Chhattisgarh",2008,"NCP","0"
"Chhattisgarh",2013,"NCP","0"
"Chhattisgarh",2003,"IND","0"
"Chhattisgarh",2008,"IND","0"
"Chhattisgarh",2013,"IND","1.11"
"Odisha",1967,"INC","22.14"
"Odisha",1971,"INC","36.43"
"Odisha",1974,"INC","47.26"
"Odisha",1977,"INC","17.69"
"Odisha",1985,"INC","79.59"
"Odisha",1990,"INC","6.8"
"Odisha",1995,"INC","54.42"
"Odisha",2000,"INC","17.69"
"Odisha",2004,"INC","25.85"
"Odisha",2009,"INC","15.65"
"Odisha",2014,"INC","10.88"
"Odisha",1967,"PSP","15"
"Odisha",1971,"PSP","2.86"
"Odisha",1967,"JAC","18.57"
"Odisha",1971,"JAC","0.71"
"Odisha",1974,"JAC","0.68"
"Odisha",1967,"SWA","35"
"Odisha",1971,"SWA","25.71"
"Odisha",1974,"SWA","14.38"
"Odisha",1967,"CPI","5"
"Odisha",1971,"CPI","2.86"
"Odisha",1974,"CPI","4.79"
"Odisha",1977,"CPI","0.68"
"Odisha",1980,"CPI","2.72"
"Odisha",1985,"CPI","0.68"
"Odisha",1990,"CPI","3.4"
"Odisha",1995,"CPI","0.68"
"Odisha",2000,"CPI","0.68"
"Odisha",2004,"CPI","0.68"
"Odisha",2009,"CPI","0.87"
"Odisha",2014,"CPI","0"
"Odisha",1971,"UTC","23.57"
"Odisha",1974,"UTC","23.97"
"Odisha",1967,"IND","2.14"
"Odisha",1971,"IND","2.86"
"Odisha",1974,"IND","4.79"
"Odisha",1977,"IND","6.12"
"Odisha",1980,"IND","4.76"
"Odisha",1985,"IND","4.76"
"Odisha",1990,"IND","4.08"
"Odisha",1995,"IND","4.08"
"Odisha",2000,"IND","5.44"
"Odisha",2004,"IND","5.44"
"Odisha",2009,"IND","4.35"
"Odisha",2014,"IND","1.36"
"Odisha",1971,"JKP","2.86"
"Odisha",1974,"JKP","0"
"Odisha",1977,"JKP","0"
"Odisha",1990,"JKP","0"
"Odisha",1995,"JKP","0"
"Odisha",2000,"JKP","0"
"Odisha",2004,"JKP","0"
"Odisha",2009,"JKP","0"
"Odisha",1967,"CPM","0.71"
"Odisha",1971,"CPM","1.43"
"Odisha",1974,"CPM","2.05"
"Odisha",1977,"CPM","0.68"
"Odisha",1980,"CPM","0"
"Odisha",1985,"CPM","0"
"Odisha",1990,"CPM","0.68"
"Odisha",1995,"CPM","0"
"Odisha",2000,"CPM","0.68"
"Odisha",2004,"CPM","0.68"
"Odisha",2009,"CPM","0"
"Odisha",2014,"CPM","0.68"
"Odisha",1977,"JNP","74.83"
"Odisha",1985,"JNP","14.29"
"Odisha",1980,"JNP(SC)","8.84"
"Odisha",1980,"INC(I)","80.27"
"Odisha",1980,"JNP(JP)","2.04"
"Odisha",1990,"JNP(JP)","0"
"Odisha",1980,"BJP","0"
"Odisha",1985,"BJP","0.68"
"Odisha",1990,"BJP","1.36"
"Odisha",1995,"BJP","6.12"
"Odisha",2000,"BJP","25.85"
"Odisha",2004,"BJP","21.77"
"Odisha",2009,"BJP","1.74"
"Odisha",2014,"BJP","6.8"
"Odisha",1990,"JD","83.67"
"Odisha",1995,"JD","31.29"
"Odisha",1985,"JMM","0"
"Odisha",1990,"JMM","0"
"Odisha",1995,"JMM","2.72"
"Odisha",2000,"JMM","2.04"
"Odisha",2004,"JMM","2.72"
"Odisha",2009,"JMM","0"
"Odisha",2014,"JMM","0"
"Odisha",2000,"BJD","46.26"
"Odisha",2004,"BJD","41.5"
"Odisha",2009,"BJD","71.3"
"Odisha",2014,"BJD","79.59"
"Odisha",2000,"NCP","0"
"Odisha",2009,"NCP","3.48"
"Odisha",2014,"NCP","0"
"Madras",1967,"CPM","4.7"
"Madras",1967,"DMK","58.55"
"Madras",1967,"INC","21.79"
"Madras",1967,"IND","2.56"
"Madras",1967,"SWA","8.55"
"Andhra_Pradesh",1962,"SWA","6.33"
"Andhra_Pradesh",1967,"SWA","10.1"
"Andhra_Pradesh",1972,"SWA","0.7"
"Andhra_Pradesh",1962,"CPI","17"
"Andhra_Pradesh",1967,"CPI","3.83"
"Andhra_Pradesh",1972,"CPI","2.44"
"Andhra_Pradesh",1978,"CPI","2.04"
"Andhra_Pradesh",1983,"CPI","1.36"
"Andhra_Pradesh",1985,"CPI","3.74"
"Andhra_Pradesh",1989,"CPI","2.72"
"Andhra_Pradesh",1994,"CPI","6.46"
"Andhra_Pradesh",1999,"CPI","0"
"Andhra_Pradesh",2004,"CPI","2.04"
"Andhra_Pradesh",2009,"CPI","1.36"
"Andhra_Pradesh",2014,"CPI","0.34"
"Andhra_Pradesh",1962,"INC","59"
"Andhra_Pradesh",1967,"INC","57.49"
"Andhra_Pradesh",1972,"INC","76.31"
"Andhra_Pradesh",1978,"INC","10.2"
"Andhra_Pradesh",1983,"INC","20.41"
"Andhra_Pradesh",1985,"INC","17.01"
"Andhra_Pradesh",1989,"INC","61.56"
"Andhra_Pradesh",1994,"INC","8.84"
"Andhra_Pradesh",1999,"INC","30.95"
"Andhra_Pradesh",2004,"INC","62.93"
"Andhra_Pradesh",2009,"INC","53.06"
"Andhra_Pradesh",2014,"INC","7.14"
"Andhra_Pradesh",1962,"IND","17"
"Andhra_Pradesh",1967,"IND","23.69"
"Andhra_Pradesh",1972,"IND","19.86"
"Andhra_Pradesh",1978,"IND","5.1"
"Andhra_Pradesh",1983,"IND","74.49"
"Andhra_Pradesh",1985,"IND","3.06"
"Andhra_Pradesh",1989,"IND","5.1"
"Andhra_Pradesh",1994,"IND","4.08"
"Andhra_Pradesh",1999,"IND","1.7"
"Andhra_Pradesh",2004,"IND","3.74"
"Andhra_Pradesh",2009,"IND","1.02"
"Andhra_Pradesh",2014,"IND","0.68"
"Andhra_Pradesh",1962,"SOC","0.67"
"Andhra_Pradesh",1967,"CPM","3.14"
"Andhra_Pradesh",1972,"CPM","0.35"
"Andhra_Pradesh",1978,"CPM","2.72"
"Andhra_Pradesh",1983,"CPM","1.7"
"Andhra_Pradesh",1985,"CPM","3.74"
"Andhra_Pradesh",1989,"CPM","2.04"
"Andhra_Pradesh",1994,"CPM","5.1"
"Andhra_Pradesh",1999,"CPM","0.68"
"Andhra_Pradesh",2004,"CPM","3.06"
"Andhra_Pradesh",2009,"CPM","0.34"
"Andhra_Pradesh",2014,"CPM","0.34"
"Andhra_Pradesh",1978,"INC(I)","59.52"
"Andhra_Pradesh",1978,"JNP","20.41"
"Andhra_Pradesh",1983,"JNP","0.34"
"Andhra_Pradesh",1985,"JNP","1.02"
"Andhra_Pradesh",1983,"BJP","1.02"
"Andhra_Pradesh",1985,"BJP","2.72"
"Andhra_Pradesh",1989,"BJP","1.7"
"Andhra_Pradesh",1994,"BJP","1.02"
"Andhra_Pradesh",1999,"BJP","4.08"
"Andhra_Pradesh",2004,"BJP","0.68"
"Andhra_Pradesh",2009,"BJP","0.68"
"Andhra_Pradesh",2014,"BJP","3.06"
"Andhra_Pradesh",1983,"TDP","0.34"
"Andhra_Pradesh",1985,"TDP","68.71"
"Andhra_Pradesh",1989,"TDP","25.17"
"Andhra_Pradesh",1994,"TDP","73.47"
"Andhra_Pradesh",1999,"TDP","61.22"
"Andhra_Pradesh",2004,"TDP","15.99"
"Andhra_Pradesh",2009,"TDP","31.29"
"Andhra_Pradesh",2014,"TDP","39.8"
"Andhra_Pradesh",1999,"AIMIM","1.36"
"Andhra_Pradesh",2004,"AIMIM","1.36"
"Andhra_Pradesh",2009,"AIMIM","2.38"
"Andhra_Pradesh",2014,"AIMIM","2.38"
"Andhra_Pradesh",2004,"TRS","8.84"
"Andhra_Pradesh",2009,"TRS","3.4"
"Andhra_Pradesh",2014,"TRS","21.43"
"Andhra_Pradesh",2009,"PRAP","6.12"
"Andhra_Pradesh",2014,"YSRCP","23.81"
"Gujarat",1962,"INC","73.38"
"Gujarat",1967,"INC","55.36"
"Gujarat",1972,"INC","83.33"
"Gujarat",1975,"INC","41.44"
"Gujarat",1985,"INC","81.87"
"Gujarat",1990,"INC","18.13"
"Gujarat",1995,"INC","24.73"
"Gujarat",1998,"INC","29.12"
"Gujarat",2002,"INC","28.02"
"Gujarat",2007,"INC","32.42"
"Gujarat",2012,"INC","33.52"
"Gujarat",1962,"IND","4.55"
"Gujarat",1967,"IND","2.98"
"Gujarat",1972,"IND","4.76"
"Gujarat",1975,"IND","8.29"
"Gujarat",1980,"IND","5.49"
"Gujarat",1985,"IND","4.4"
"Gujarat",1990,"IND","6.04"
"Gujarat",1995,"IND","8.79"
"Gujarat",1998,"IND","1.65"
"Gujarat",2002,"IND","1.1"
"Gujarat",2007,"IND","1.1"
"Gujarat",2012,"IND","0.55"
"Gujarat",1962,"PSP","4.55"
"Gujarat",1967,"PSP","1.79"
"Gujarat",1962,"SWA","16.88"
"Gujarat",1967,"SWA","39.29"
"Gujarat",1972,"SWA","0"
"Gujarat",1962,"NJP","0.65"
"Gujarat",1967,"BJS","0.6"
"Gujarat",1972,"BJS","1.79"
"Gujarat",1975,"BJS","9.94"
"Gujarat",1990,"BJS","0"
"Gujarat",1972,"NCO","9.52"
"Gujarat",1975,"NCO","30.94"
"Gujarat",1962,"CPI","0"
"Gujarat",1972,"CPI","0.6"
"Gujarat",1975,"CPI","0"
"Gujarat",1980,"CPI","0"
"Gujarat",1985,"CPI","0"
"Gujarat",1990,"CPI","0"
"Gujarat",1995,"CPI","0"
"Gujarat",1998,"CPI","0"
"Gujarat",2002,"CPI","0"
"Gujarat",2007,"CPI","0"
"Gujarat",2012,"CPI","0"
"Gujarat",1975,"KLP","6.63"
"Gujarat",1980,"JNP(SC)","0.55"
"Gujarat",1980,"JNP(JP)","11.54"
"Gujarat",1990,"JNP(JP)","0"
"Gujarat",1980,"BJP","4.95"
"Gujarat",1985,"BJP","6.04"
"Gujarat",1990,"BJP","36.81"
"Gujarat",1995,"BJP","66.48"
"Gujarat",1998,"BJP","64.29"
"Gujarat",2002,"BJP","69.78"
"Gujarat",2007,"BJP","63.74"
"Gujarat",2012,"BJP","63.19"
"Gujarat",1980,"INC(I)","77.47"
"Gujarat",1985,"JNP","7.69"
"Gujarat",1990,"YVP","0.55"
"Gujarat",1990,"JD","38.46"
"Gujarat",1995,"JD","0"
"Gujarat",1998,"JD","2.2"
"Gujarat",1998,"AIRJP","2.2"
"Gujarat",2002,"JD(U)","1.1"
"Gujarat",2007,"JD(U)","0.55"
"Gujarat",2012,"JD(U)","0.55"
"Gujarat",2007,"BJNKP","0.55"
"Gujarat",2002,"NCP","0"
"Gujarat",2007,"NCP","1.65"
"Gujarat",2012,"NCP","1.1"
"Gujarat",2012,"GPP","1.1"
"Himachal_Pradesh",1967,"INC","56.67"
"Himachal_Pradesh",1972,"INC","77.94"
"Himachal_Pradesh",1977,"INC","13.24"
"Himachal_Pradesh",1982,"INC","45.59"
"Himachal_Pradesh",1985,"INC","85.29"
"Himachal_Pradesh",1990,"INC","13.43"
"Himachal_Pradesh",1993,"INC","76.47"
"Himachal_Pradesh",1998,"INC","45.59"
"Himachal_Pradesh",2003,"INC","63.24"
"Himachal_Pradesh",2007,"INC","33.82"
"Himachal_Pradesh",2012,"INC","52.24"
"Himachal_Pradesh",1967,"CPI","3.33"
"Himachal_Pradesh",1972,"CPI","0"
"Himachal_Pradesh",1977,"CPI","0"
"Himachal_Pradesh",1982,"CPI","0"
"Himachal_Pradesh",1985,"CPI","0"
"Himachal_Pradesh",1990,"CPI","1.49"
"Himachal_Pradesh",1993,"CPI","0"
"Himachal_Pradesh",1998,"CPI","0"
"Himachal_Pradesh",2003,"CPI","0"
"Himachal_Pradesh",2007,"CPI","0"
"Himachal_Pradesh",2012,"CPI","0"
"Himachal_Pradesh",1967,"SWA","1.67"
"Himachal_Pradesh",1967,"BJS","11.67"
"Himachal_Pradesh",1972,"BJS","7.35"
"Himachal_Pradesh",1967,"IND","26.67"
"Himachal_Pradesh",1972,"IND","10.29"
"Himachal_Pradesh",1977,"IND","8.82"
"Himachal_Pradesh",1982,"IND","8.82"
"Himachal_Pradesh",1985,"IND","2.94"
"Himachal_Pradesh",1990,"IND","1.49"
"Himachal_Pradesh",1993,"IND","10.29"
"Himachal_Pradesh",1998,"IND","1.47"
"Himachal_Pradesh",2003,"IND","8.82"
"Himachal_Pradesh",2007,"IND","4.41"
"Himachal_Pradesh",2012,"IND","7.46"
"Himachal_Pradesh",1972,"LRP","2.94"
"Himachal_Pradesh",1967,"CPM","0"
"Himachal_Pradesh",1972,"CPM","1.47"
"Himachal_Pradesh",1977,"CPM","0"
"Himachal_Pradesh",1982,"CPM","0"
"Himachal_Pradesh",1985,"CPM","0"
"Himachal_Pradesh",1990,"CPM","0"
"Himachal_Pradesh",1993,"CPM","1.47"
"Himachal_Pradesh",1998,"CPM","0"
"Himachal_Pradesh",2003,"CPM","0"
"Himachal_Pradesh",2007,"CPM","0"
"Himachal_Pradesh",2012,"CPM","0"
"Himachal_Pradesh",1977,"JNP","77.94"
"Himachal_Pradesh",1982,"JNP","2.94"
"Himachal_Pradesh",1985,"JNP","0"
"Himachal_Pradesh",1982,"BJP","42.65"
"Himachal_Pradesh",1985,"BJP","10.29"
"Himachal_Pradesh",1990,"BJP","67.16"
"Himachal_Pradesh",1993,"BJP","11.76"
"Himachal_Pradesh",1998,"BJP","45.59"
"Himachal_Pradesh",2003,"BJP","23.53"
"Himachal_Pradesh",2007,"BJP","60.29"
"Himachal_Pradesh",2012,"BJP","38.81"
"Himachal_Pradesh",1982,"LKD","0"
"Himachal_Pradesh",1985,"LKD","1.47"
"Himachal_Pradesh",1990,"JD","16.42"
"Himachal_Pradesh",1993,"JD","0"
"Himachal_Pradesh",1998,"JD","0"
"Himachal_Pradesh",1998,"HVC","7.35"
"Himachal_Pradesh",2003,"HVC","1.47"
"Himachal_Pradesh",2003,"LMHP","1.47"
"Himachal_Pradesh",2003,"LJNSP","1.47"
"Himachal_Pradesh",1990,"BSP","0"
"Himachal_Pradesh",1993,"BSP","0"
"Himachal_Pradesh",1998,"BSP","0"
"Himachal_Pradesh",2003,"BSP","0"
"Himachal_Pradesh",2007,"BSP","1.47"
"Himachal_Pradesh",2012,"BSP","0"
"Himachal_Pradesh",2012,"HLP","1.49"
"West_Bengal",1962,"FB","5.16"
"West_Bengal",1962,"RSP","3.57"
"West_Bengal",1969,"RSP","4.29"
"West_Bengal",1971,"RSP","1.08"
"West_Bengal",1972,"RSP","1.07"
"West_Bengal",1977,"RSP","6.8"
"West_Bengal",1982,"RSP","6.46"
"West_Bengal",1987,"RSP","6.12"
"West_Bengal",1991,"RSP","6.12"
"West_Bengal",1996,"RSP","6.12"
"West_Bengal",2001,"RSP","5.78"
"West_Bengal",2006,"RSP","6.8"
"West_Bengal",2011,"RSP","2.38"
"West_Bengal",2016,"RSP","1.02"
"West_Bengal",1962,"CPI","19.84"
"West_Bengal",1967,"CPI","5.71"
"West_Bengal",1969,"CPI","10.71"
"West_Bengal",1971,"CPI","4.66"
"West_Bengal",1972,"CPI","12.5"
"West_Bengal",1977,"CPI","0.68"
"West_Bengal",1982,"CPI","2.38"
"West_Bengal",1987,"CPI","3.74"
"West_Bengal",1991,"CPI","1.7"
"West_Bengal",1996,"CPI","2.04"
"West_Bengal",2001,"CPI","2.38"
"West_Bengal",2006,"CPI","2.72"
"West_Bengal",2011,"CPI","0.68"
"West_Bengal",2016,"CPI","0.34"
"West_Bengal",1962,"INC","62.3"
"West_Bengal",1967,"INC","45.36"
"West_Bengal",1969,"INC","19.64"
"West_Bengal",1971,"INC","37.63"
"West_Bengal",1972,"INC","77.14"
"West_Bengal",1977,"INC","6.8"
"West_Bengal",1982,"INC","16.67"
"West_Bengal",1987,"INC","13.61"
"West_Bengal",1991,"INC","14.63"
"West_Bengal",1996,"INC","27.89"
"West_Bengal",2001,"INC","8.84"
"West_Bengal",2006,"INC","7.14"
"West_Bengal",2011,"INC","14.29"
"West_Bengal",2016,"INC","14.97"
"West_Bengal",1962,"IND","4.37"
"West_Bengal",1967,"IND","11.07"
"West_Bengal",1969,"IND","3.93"
"West_Bengal",1971,"IND","4.3"
"West_Bengal",1972,"IND","1.79"
"West_Bengal",1977,"IND","3.4"
"West_Bengal",1982,"IND","3.74"
"West_Bengal",1987,"IND","3.06"
"West_Bengal",1991,"IND","2.04"
"West_Bengal",1996,"IND","1.7"
"West_Bengal",2001,"IND","3.06"
"West_Bengal",2006,"IND","2.04"
"West_Bengal",2011,"IND","0.68"
"West_Bengal",2016,"IND","0.34"
"West_Bengal",1967,"CPM","15.36"
"West_Bengal",1969,"CPM","28.57"
"West_Bengal",1971,"CPM","40.5"
"West_Bengal",1972,"CPM","5"
"West_Bengal",1977,"CPM","60.54"
"West_Bengal",1982,"CPM","59.18"
"West_Bengal",1987,"CPM","63.61"
"West_Bengal",1991,"CPM","64.29"
"West_Bengal",1996,"CPM","53.4"
"West_Bengal",2001,"CPM","48.64"
"West_Bengal",2011,"CPM","13.61"
"West_Bengal",2016,"CPM","8.84"
"West_Bengal",1967,"BAC","12.14"
"West_Bengal",1969,"BAC","11.79"
"West_Bengal",1971,"BAC","1.79"
"West_Bengal",1967,"FBL","4.64"
"West_Bengal",1969,"FBL","7.5"
"West_Bengal",1971,"FBL","1.08"
"West_Bengal",1972,"FBL","0"
"West_Bengal",1977,"FBL","8.5"
"West_Bengal",1982,"FBL","9.52"
"West_Bengal",1987,"FBL","8.84"
"West_Bengal",1991,"FBL","9.86"
"West_Bengal",1996,"FBL","7.14"
"West_Bengal",2001,"FBL","8.5"
"West_Bengal",1962,"SUC","0"
"West_Bengal",1969,"SUC","2.5"
"West_Bengal",1971,"SUC","2.51"
"West_Bengal",1972,"SUC","0.36"
"West_Bengal",1977,"SUC","1.36"
"West_Bengal",1982,"SUC","0.68"
"West_Bengal",1987,"SUC","0.68"
"West_Bengal",1977,"JNP","9.86"
"West_Bengal",1982,"JNP","0"
"West_Bengal",1987,"JNP","0"
"West_Bengal",2001,"AITC","20.41"
"West_Bengal",2006,"AITC","10.2"
"West_Bengal",2011,"AITC","62.59"
"West_Bengal",2016,"AITC","71.77"
"West_Bengal",2006,"AIFB","7.82"
"West_Bengal",2011,"AIFB","3.74"
"West_Bengal",2016,"AIFB","0.68"
"West_Bengal",2006,"CPI(M)","59.86"
"West_Bengal",2011,"GOJAM","1.02"
"West_Bengal",2016,"GOJAM","1.02"
"Madhya_Pradesh",1962,"IND","13.54"
"Madhya_Pradesh",1967,"IND","7.43"
"Madhya_Pradesh",1972,"IND","6.08"
"Madhya_Pradesh",1977,"IND","1.56"
"Madhya_Pradesh",1980,"IND","2.5"
"Madhya_Pradesh",1985,"IND","1.88"
"Madhya_Pradesh",1990,"IND","3.12"
"Madhya_Pradesh",1993,"IND","2.5"
"Madhya_Pradesh",1998,"IND","2.81"
"Madhya_Pradesh",2003,"IND","0.87"
"Madhya_Pradesh",2008,"IND","1.3"
"Madhya_Pradesh",2013,"IND","1.3"
"Madhya_Pradesh",1962,"INC","49.31"
"Madhya_Pradesh",1967,"INC","56.42"
"Madhya_Pradesh",1972,"INC","74.32"
"Madhya_Pradesh",1977,"INC","26.25"
"Madhya_Pradesh",1985,"INC","78.12"
"Madhya_Pradesh",1990,"INC","17.5"
"Madhya_Pradesh",1993,"INC","54.37"
"Madhya_Pradesh",1998,"INC","53.75"
"Madhya_Pradesh",2003,"INC","16.52"
"Madhya_Pradesh",2008,"INC","32.17"
"Madhya_Pradesh",2013,"INC","25.65"
"Madhya_Pradesh",1962,"SOC","4.86"
"Madhya_Pradesh",1962,"JS","14.24"
"Madhya_Pradesh",1962,"PSP","11.46"
"Madhya_Pradesh",1967,"PSP","3.04"
"Madhya_Pradesh",2003,"PSP","0"
"Madhya_Pradesh",1967,"BJS","26.35"
"Madhya_Pradesh",1972,"BJS","16.22"
"Madhya_Pradesh",1990,"BJS","0"
"Madhya_Pradesh",1967,"SSP","3.38"
"Madhya_Pradesh",1972,"SOP","2.36"
"Madhya_Pradesh",1990,"SOP","0"
"Madhya_Pradesh",1962,"CPI","0.35"
"Madhya_Pradesh",1967,"CPI","0.34"
"Madhya_Pradesh",1972,"CPI","1.01"
"Madhya_Pradesh",1977,"CPI","0"
"Madhya_Pradesh",1980,"CPI","0.62"
"Madhya_Pradesh",1985,"CPI","0"
"Madhya_Pradesh",1990,"CPI","0.94"
"Madhya_Pradesh",1993,"CPI","0.62"
"Madhya_Pradesh",1998,"CPI","0"
"Madhya_Pradesh",2003,"CPI","0"
"Madhya_Pradesh",2008,"CPI","0"
"Madhya_Pradesh",2013,"CPI","0"
"Madhya_Pradesh",1977,"JNP","71.88"
"Madhya_Pradesh",1985,"JNP","1.56"
"Madhya_Pradesh",1962,"RRP","3.47"
"Madhya_Pradesh",1977,"RRP","0.31"
"Madhya_Pradesh",1980,"RRP","0"
"Madhya_Pradesh",1990,"RRP","0"
"Madhya_Pradesh",1993,"RRP","0"
"Madhya_Pradesh",1980,"INC(I)","76.88"
"Madhya_Pradesh",1980,"BJP","18.75"
"Madhya_Pradesh",1985,"BJP","18.12"
"Madhya_Pradesh",1990,"BJP","68.75"
"Madhya_Pradesh",1993,"BJP","36.56"
"Madhya_Pradesh",1998,"BJP","37.19"
"Madhya_Pradesh",2003,"BJP","75.22"
"Madhya_Pradesh",2008,"BJP","60.43"
"Madhya_Pradesh",2013,"BJP","71.3"
"Madhya_Pradesh",1980,"JNP(JP)","0.62"
"Madhya_Pradesh",1990,"JNP(JP)","0"
"Madhya_Pradesh",1985,"ICS","0.31"
"Madhya_Pradesh",1993,"ICS","0"
"Madhya_Pradesh",1998,"ICS","0"
"Madhya_Pradesh",1990,"JD","8.75"
"Madhya_Pradesh",1993,"JD","1.25"
"Madhya_Pradesh",1998,"JD","0.31"
"Madhya_Pradesh",1990,"BSP","0.62"
"Madhya_Pradesh",1993,"BSP","3.44"
"Madhya_Pradesh",1998,"BSP","3.44"
"Madhya_Pradesh",2003,"BSP","0.87"
"Madhya_Pradesh",2008,"BSP","3.48"
"Madhya_Pradesh",2013,"BSP","1.74"
"Madhya_Pradesh",1993,"SP","0"
"Madhya_Pradesh",1998,"SP","1.25"
"Madhya_Pradesh",2003,"SP","3.04"
"Madhya_Pradesh",2008,"SP","0.43"
"Madhya_Pradesh",2013,"SP","0"
"Madhya_Pradesh",1993,"GGP","0"
"Madhya_Pradesh",1998,"GGP","0.31"
"Madhya_Pradesh",2003,"GGP","1.3"
"Madhya_Pradesh",2008,"GGP","0"
"Madhya_Pradesh",2013,"GGP","0"
"Madhya_Pradesh",2008,"BJSH","2.17"
"Uttar_Pradesh",1962,"INC","57.91"
"Uttar_Pradesh",1967,"INC","46.82"
"Uttar_Pradesh",1969,"INC","49.65"
"Uttar_Pradesh",1974,"INC","50.71"
"Uttar_Pradesh",1977,"INC","11.06"
"Uttar_Pradesh",1985,"INC","63.29"
"Uttar_Pradesh",1989,"INC","22.12"
"Uttar_Pradesh",1991,"INC","10.98"
"Uttar_Pradesh",1993,"INC","6.6"
"Uttar_Pradesh",1996,"INC","7.78"
"Uttar_Pradesh",2002,"INC","6.2"
"Uttar_Pradesh",2007,"INC","5.46"
"Uttar_Pradesh",2012,"INC","6.95"
"Uttar_Pradesh",1962,"SOC","5.58"
"Uttar_Pradesh",1969,"SOC","0"
"Uttar_Pradesh",1962,"JS","11.4"
"Uttar_Pradesh",1962,"PSP","8.84"
"Uttar_Pradesh",1967,"PSP","2.59"
"Uttar_Pradesh",1969,"PSP","0.71"
"Uttar_Pradesh",1996,"PSP","0"
"Uttar_Pradesh",2002,"PSP","0"
"Uttar_Pradesh",1962,"IND","7.21"
"Uttar_Pradesh",1967,"IND","8.71"
"Uttar_Pradesh",1969,"IND","4.24"
"Uttar_Pradesh",1974,"IND","1.18"
"Uttar_Pradesh",1977,"IND","3.76"
"Uttar_Pradesh",1980,"IND","4"
"Uttar_Pradesh",1985,"IND","5.41"
"Uttar_Pradesh",1989,"IND","9.41"
"Uttar_Pradesh",1991,"IND","1.67"
"Uttar_Pradesh",1993,"IND","1.89"
"Uttar_Pradesh",1996,"IND","3.07"
"Uttar_Pradesh",2002,"IND","3.97"
"Uttar_Pradesh",2007,"IND","2.23"
"Uttar_Pradesh",2012,"IND","1.49"
"Uttar_Pradesh",1967,"SSP","10.35"
"Uttar_Pradesh",1969,"SSP","7.76"
"Uttar_Pradesh",1993,"SSP","0"
"Uttar_Pradesh",1962,"CPI","3.26"
"Uttar_Pradesh",1967,"CPI","3.06"
"Uttar_Pradesh",1969,"CPI","0.94"
"Uttar_Pradesh",1974,"CPI","3.77"
"Uttar_Pradesh",1977,"CPI","2.12"
"Uttar_Pradesh",1980,"CPI","1.65"
"Uttar_Pradesh",1985,"CPI","1.41"
"Uttar_Pradesh",1989,"CPI","1.41"
"Uttar_Pradesh",1991,"CPI","0.95"
"Uttar_Pradesh",1993,"CPI","0.71"
"Uttar_Pradesh",1996,"CPI","0.24"
"Uttar_Pradesh",2002,"CPI","0"
"Uttar_Pradesh",2007,"CPI","0"
"Uttar_Pradesh",2012,"CPI","0"
"Uttar_Pradesh",1967,"BJS","23.06"
"Uttar_Pradesh",1969,"BJS","11.53"
"Uttar_Pradesh",1974,"BJS","14.39"
"Uttar_Pradesh",1989,"BJS","0"
"Uttar_Pradesh",1991,"BJS","0"
"Uttar_Pradesh",1993,"BJS","0"
"Uttar_Pradesh",2007,"BJS","0"
"Uttar_Pradesh",2012,"BJS","0"
"Uttar_Pradesh",1969,"BKD","23.06"
"Uttar_Pradesh",1974,"BKD","25"
"Uttar_Pradesh",1993,"BKD","0"
"Uttar_Pradesh",1996,"BKD","0"
"Uttar_Pradesh",2002,"BKD","0"
"Uttar_Pradesh",2007,"BKD","0"
"Uttar_Pradesh",2012,"BKD","0"
"Uttar_Pradesh",1974,"NCO","2.36"
"Uttar_Pradesh",1967,"CPM","0.24"
"Uttar_Pradesh",1969,"CPM","0.24"
"Uttar_Pradesh",1974,"CPM","0.47"
"Uttar_Pradesh",1977,"CPM","0.24"
"Uttar_Pradesh",1980,"CPM","0"
"Uttar_Pradesh",1985,"CPM","0.47"
"Uttar_Pradesh",1989,"CPM","0.47"
"Uttar_Pradesh",1991,"CPM","0.24"
"Uttar_Pradesh",1993,"CPM","0.24"
"Uttar_Pradesh",1996,"CPM","0.94"
"Uttar_Pradesh",2002,"CPM","0.5"
"Uttar_Pradesh",2007,"CPM","0"
"Uttar_Pradesh",2012,"CPM","0"
"Uttar_Pradesh",1977,"JNP","82.82"
"Uttar_Pradesh",1980,"JNP","0"
"Uttar_Pradesh",1985,"JNP","4.71"
"Uttar_Pradesh",1991,"JNP","0"
"Uttar_Pradesh",1980,"BJP","2.59"
"Uttar_Pradesh",1985,"BJP","3.76"
"Uttar_Pradesh",1989,"BJP","13.41"
"Uttar_Pradesh",1991,"BJP","52.74"
"Uttar_Pradesh",1993,"BJP","41.75"
"Uttar_Pradesh",1996,"BJP","41.04"
"Uttar_Pradesh",2002,"BJP","21.84"
"Uttar_Pradesh",2007,"BJP","12.66"
"Uttar_Pradesh",2012,"BJP","11.66"
"Uttar_Pradesh",1980,"INC(I)","72.71"
"Uttar_Pradesh",1980,"INC(U)","3.06"
"Uttar_Pradesh",1980,"JNP(SC)","13.88"
"Uttar_Pradesh",1980,"LKD","0"
"Uttar_Pradesh",1985,"LKD","19.76"
"Uttar_Pradesh",1991,"LKD","0"
"Uttar_Pradesh",1993,"LKD","0"
"Uttar_Pradesh",1989,"JD","48.94"
"Uttar_Pradesh",1991,"JD","21.96"
"Uttar_Pradesh",1993,"JD","6.37"
"Uttar_Pradesh",1996,"JD","1.65"
"Uttar_Pradesh",2012,"JD","0"
"Uttar_Pradesh",1980,"BSP","0"
"Uttar_Pradesh",1989,"BSP","3.06"
"Uttar_Pradesh",1991,"BSP","2.86"
"Uttar_Pradesh",1993,"BSP","16.04"
"Uttar_Pradesh",1996,"BSP","15.8"
"Uttar_Pradesh",2002,"BSP","24.32"
"Uttar_Pradesh",2007,"BSP","51.12"
"Uttar_Pradesh",2012,"BSP","19.85"
"Uttar_Pradesh",1991,"JP","8.11"
"Uttar_Pradesh",1993,"JP","0.24"
"Uttar_Pradesh",1996,"JP","0"
"Uttar_Pradesh",2002,"JP","0.25"
"Uttar_Pradesh",1993,"SP","25.71"
"Uttar_Pradesh",1996,"SP","25.94"
"Uttar_Pradesh",2002,"SP","35.48"
"Uttar_Pradesh",2007,"SP","24.07"
"Uttar_Pradesh",2012,"SP","55.58"
"Uttar_Pradesh",2002,"RLD","3.47"
"Uttar_Pradesh",2007,"RLD","2.48"
"Uttar_Pradesh",2012,"RLD","2.23"
"Mysore",1962,"PSP","9.62"
"Mysore",1967,"PSP","9.26"
"Mysore",1962,"INC","66.35"
"Mysore",1967,"INC","58.33"
"Mysore",1972,"INC","76.39"
"Mysore",1962,"IND","12.98"
"Mysore",1967,"IND","18.98"
"Mysore",1972,"IND","9.26"
"Mysore",1962,"MES","2.88"
"Mysore",1962,"SWA","4.33"
"Mysore",1967,"SWA","7.41"
"Mysore",1972,"SWA","0"
"Mysore",1967,"SSP","2.78"
"Mysore",1962,"CPI","1.44"
"Mysore",1967,"CPI","0.46"
"Mysore",1972,"CPI","1.39"
"Mysore",1972,"SOP","1.39"
"Mysore",1972,"NCO","11.11"
"Bihar",1962,"SWA","15.72"
"Bihar",1967,"SWA","0.94"
"Bihar",1969,"SWA","0.94"
"Bihar",1972,"SWA","0.31"
"Bihar",1962,"PSP","9.12"
"Bihar",1967,"PSP","5.66"
"Bihar",1969,"PSP","5.66"
"Bihar",1962,"JP","6.29"
"Bihar",1995,"JP","0"
"Bihar",2000,"JP","0"
"Bihar",2005,"JP","0"
"Bihar",1962,"CPI","3.77"
"Bihar",1967,"CPI","7.55"
"Bihar",1969,"CPI","7.86"
"Bihar",1972,"CPI","11.01"
"Bihar",1977,"CPI","6.48"
"Bihar",1980,"CPI","7.1"
"Bihar",1985,"CPI","3.7"
"Bihar",1990,"CPI","7.1"
"Bihar",1995,"CPI","8.02"
"Bihar",2000,"CPI","1.54"
"Bihar",2005,"CPI","1.23"
"Bihar",2010,"CPI","0.41"
"Bihar",2015,"CPI","0"
"Bihar",1962,"INC","58.18"
"Bihar",1967,"INC","40.25"
"Bihar",1969,"INC","37.11"
"Bihar",1972,"INC","52.52"
"Bihar",1977,"INC","17.59"
"Bihar",1985,"INC","60.49"
"Bihar",1990,"INC","21.91"
"Bihar",1995,"INC","8.95"
"Bihar",2000,"INC","7.1"
"Bihar",2005,"INC","3.91"
"Bihar",2010,"INC","1.65"
"Bihar",2015,"INC","11.25"
"Bihar",1962,"IND","3.77"
"Bihar",1967,"IND","10.38"
"Bihar",1969,"IND","7.55"
"Bihar",1972,"IND","5.35"
"Bihar",1977,"IND","7.41"
"Bihar",1980,"IND","7.1"
"Bihar",1985,"IND","8.95"
"Bihar",1990,"IND","9.26"
"Bihar",1995,"IND","3.7"
"Bihar",2000,"IND","6.17"
"Bihar",2005,"IND","5.56"
"Bihar",2010,"IND","2.47"
"Bihar",2015,"IND","1.67"
"Bihar",1967,"SSP","21.38"
"Bihar",1969,"SSP","16.35"
"Bihar",1967,"BJS","8.18"
"Bihar",1969,"BJS","10.69"
"Bihar",1972,"BJS","7.86"
"Bihar",1990,"BJS","0"
"Bihar",1972,"SOP","10.38"
"Bihar",1972,"NCO","9.43"
"Bihar",1977,"JNP","66.05"
"Bihar",1980,"JNP","0"
"Bihar",1985,"JNP","4.01"
"Bihar",1967,"CPM","1.26"
"Bihar",1969,"CPM","0.94"
"Bihar",1972,"CPM","0"
"Bihar",1977,"CPM","1.23"
"Bihar",1980,"CPM","1.85"
"Bihar",1985,"CPM","0.31"
"Bihar",1990,"CPM","1.85"
"Bihar",1995,"CPM","1.85"
"Bihar",2000,"CPM","0.62"
"Bihar",2005,"CPM","0.41"
"Bihar",2010,"CPM","0"
"Bihar",2015,"CPM","0"
"Bihar",1980,"INC(I)","52.16"
"Bihar",1980,"JNP(SC)","12.96"
"Bihar",1980,"BJP","6.48"
"Bihar",1985,"BJP","4.94"
"Bihar",1990,"BJP","12.04"
"Bihar",1995,"BJP","12.65"
"Bihar",2000,"BJP","20.68"
"Bihar",2005,"BJP","18.93"
"Bihar",2010,"BJP","37.45"
"Bihar",2015,"BJP","22.08"
"Bihar",1980,"LKD","0"
"Bihar",1985,"LKD","14.2"
"Bihar",1995,"LKD","0"
"Bihar",1990,"JD","37.65"
"Bihar",1995,"JD","51.54"
"Bihar",2000,"RJD","38.27"
"Bihar",2005,"RJD","26.54"
"Bihar",2010,"RJD","9.05"
"Bihar",2015,"RJD","32.92"
"Bihar",2000,"JD(U)","6.48"
"Bihar",2005,"JD(U)","29.42"
"Bihar",2010,"JD(U)","47.33"
"Bihar",2015,"JD(U)","28.75"
"Bihar",1995,"SAP","2.16"
"Bihar",2000,"SAP","10.49"
"Bihar",2005,"SAP","0"
"Bihar",2010,"SAP","0"
"Bihar",2015,"SAP","0"
"Bihar",2005,"LJP","8.02"
"Bihar",2010,"LJP","1.23"
"Bihar",2015,"LJP","0.83"
"Tripura",1967,"CPI","3.33"
"Tripura",1972,"CPI","1.67"
"Tripura",1977,"CPI","0"
"Tripura",1983,"CPI","0"
"Tripura",1988,"CPI","0"
"Tripura",1993,"CPI","0"
"Tripura",1998,"CPI","1.67"
"Tripura",2003,"CPI","1.67"
"Tripura",2008,"CPI","1.67"
"Tripura",2013,"CPI","1.67"
"Tripura",1967,"INC","90"
"Tripura",1972,"INC","68.33"
"Tripura",1977,"INC","0"
"Tripura",1983,"INC","20"
"Tripura",1988,"INC","41.67"
"Tripura",1993,"INC","16.67"
"Tripura",1998,"INC","21.67"
"Tripura",2003,"INC","21.67"
"Tripura",2008,"INC","16.67"
"Tripura",2013,"INC","16.67"
"Tripura",1967,"CPM","6.67"
"Tripura",1972,"CPM","26.67"
"Tripura",1977,"CPM","85"
"Tripura",1983,"CPM","61.67"
"Tripura",1988,"CPM","43.33"
"Tripura",1993,"CPM","73.33"
"Tripura",1998,"CPM","63.33"
"Tripura",2003,"CPM","63.33"
"Tripura",2008,"CPM","76.67"
"Tripura",2013,"CPM","81.67"
"Tripura",1967,"IND","0"
"Tripura",1972,"IND","3.33"
"Tripura",1977,"IND","3.33"
"Tripura",1983,"IND","5"
"Tripura",1988,"IND","0"
"Tripura",1993,"IND","1.67"
"Tripura",1998,"IND","3.33"
"Tripura",2003,"IND","0"
"Tripura",2008,"IND","0"
"Tripura",2013,"IND","0"
"Tripura",1977,"RSP","3.33"
"Tripura",1983,"RSP","3.33"
"Tripura",1988,"RSP","3.33"
"Tripura",1993,"RSP","3.33"
"Tripura",1998,"RSP","3.33"
"Tripura",2003,"RSP","3.33"
"Tripura",2008,"RSP","3.33"
"Tripura",2013,"RSP","0"
"Tripura",1972,"FBL","0"
"Tripura",1977,"FBL","1.67"
"Tripura",1983,"FBL","0"
"Tripura",1988,"FBL","0"
"Tripura",1993,"FBL","1.67"
"Tripura",1998,"FBL","0"
"Tripura",2003,"FBL","0"
"Tripura",1972,"TUS","0"
"Tripura",1977,"TUS","6.67"
"Tripura",1983,"TUS","10"
"Tripura",1988,"TUS","11.67"
"Tripura",1993,"JD(B)","1.67"
"Tripura",1998,"TUJS","6.67"
"Tripura",2003,"INPT","10"
"Tripura",2008,"INPT","1.67"
"Tripura",2013,"INPT","0"
"Delhi",1972,"NCO","3.57"
"Delhi",1972,"INC","78.57"
"Delhi",1977,"INC","17.86"
"Delhi",1983,"INC","60"
"Delhi",1993,"INC","20"
"Delhi",1998,"INC","74.29"
"Delhi",2003,"INC","67.14"
"Delhi",2008,"INC","61.43"
"Delhi",2013,"INC","11.43"
"Delhi",2015,"INC","0"
"Delhi",1972,"IND","3.57"
"Delhi",1977,"IND","0"
"Delhi",1983,"IND","0"
"Delhi",1993,"IND","4.29"
"Delhi",1998,"IND","2.86"
"Delhi",2003,"IND","1.43"
"Delhi",2008,"IND","1.43"
"Delhi",2013,"IND","1.43"
"Delhi",2015,"IND","0"
"Delhi",1972,"BJS","8.93"
"Delhi",1972,"CPI","5.36"
"Delhi",1977,"CPI","0"
"Delhi",1983,"CPI","0"
"Delhi",1993,"CPI","0"
"Delhi",1998,"CPI","0"
"Delhi",2003,"CPI","0"
"Delhi",2008,"CPI","0"
"Delhi",2013,"CPI","0"
"Delhi",2015,"CPI","0"
"Delhi",1977,"JNP","82.14"
"Delhi",1983,"JNP","1.82"
"Delhi",1983,"BJP","34.55"
"Delhi",1993,"BJP","70"
"Delhi",1998,"BJP","21.43"
"Delhi",2003,"BJP","28.57"
"Delhi",2008,"BJP","32.86"
"Delhi",2013,"BJP","44.29"
"Delhi",2015,"BJP","4.29"
"Delhi",1983,"LKD","3.64"
"Delhi",1993,"LKD","0"
"Delhi",1993,"JD","5.71"
"Delhi",1998,"JD","1.43"
"Delhi",2003,"NCP","1.43"
"Delhi",2008,"NCP","0"
"Delhi",2013,"NCP","0"
"Delhi",2015,"NCP","0"
"Delhi",2003,"JD(S)","1.43"
"Delhi",2008,"JD(S)","0"
"Delhi",2008,"LJP","1.43"
"Delhi",2013,"LJP","0"
"Delhi",1993,"BSP","0"
"Delhi",1998,"BSP","0"
"Delhi",2003,"BSP","0"
"Delhi",2008,"BSP","2.86"
"Delhi",2013,"BSP","0"
"Delhi",2015,"BSP","0"
"Delhi",2013,"AAAP","40"
"Delhi",2015,"AAAP","95.71"
"Delhi",2003,"JD(U)","0"
"Delhi",2008,"JD(U)","0"
"Delhi",2013,"JD(U)","1.43"
"Delhi",2015,"JD(U)","0"
"Rajasthan",1962,"CPI","2.84"
"Rajasthan",1967,"CPI","0.54"
"Rajasthan",1972,"CPI","2.17"
"Rajasthan",1977,"CPI","0.5"
"Rajasthan",1980,"CPI","0.5"
"Rajasthan",1985,"CPI","0.5"
"Rajasthan",1990,"CPI","0"
"Rajasthan",1993,"CPI","0"
"Rajasthan",1998,"CPI","0"
"Rajasthan",2003,"CPI","0"
"Rajasthan",2008,"CPI","0"
"Rajasthan",2013,"CPI","0"
"Rajasthan",1962,"JS","8.52"
"Rajasthan",1962,"IND","12.5"
"Rajasthan",1967,"IND","8.7"
"Rajasthan",1972,"IND","5.98"
"Rajasthan",1977,"IND","2.5"
"Rajasthan",1980,"IND","6"
"Rajasthan",1985,"IND","5"
"Rajasthan",1990,"IND","4.5"
"Rajasthan",1993,"IND","10.55"
"Rajasthan",1998,"IND","3.5"
"Rajasthan",2003,"IND","6.5"
"Rajasthan",2008,"IND","7"
"Rajasthan",2013,"IND","3.5"
"Rajasthan",1962,"SWA","20.45"
"Rajasthan",1967,"SWA","26.09"
"Rajasthan",1972,"SWA","5.98"
"Rajasthan",1962,"INC","50"
"Rajasthan",1967,"INC","48.37"
"Rajasthan",1972,"INC","78.8"
"Rajasthan",1977,"INC","20.5"
"Rajasthan",1985,"INC","56.5"
"Rajasthan",1990,"INC","25"
"Rajasthan",1993,"INC","38.19"
"Rajasthan",1998,"INC","76.5"
"Rajasthan",2003,"INC","28"
"Rajasthan",2008,"INC","48"
"Rajasthan",2013,"INC","10.5"
"Rajasthan",1967,"BJS","11.96"
"Rajasthan",1972,"BJS","4.35"
"Rajasthan",1990,"BJS","0"
"Rajasthan",1993,"BJS","0"
"Rajasthan",1967,"SSP","4.35"
"Rajasthan",1993,"SSP","0"
"Rajasthan",1967,"CPM","0"
"Rajasthan",1972,"CPM","0"
"Rajasthan",1977,"CPM","0.5"
"Rajasthan",1980,"CPM","0.5"
"Rajasthan",1985,"CPM","0"
"Rajasthan",1990,"CPM","0.5"
"Rajasthan",1993,"CPM","0.5"
"Rajasthan",1998,"CPM","0.5"
"Rajasthan",2003,"CPM","0.5"
"Rajasthan",2008,"CPM","1.5"
"Rajasthan",2013,"CPM","0"
"Rajasthan",1977,"JNP","76"
"Rajasthan",1985,"JNP","5"
"Rajasthan",1980,"BJP","16"
"Rajasthan",1985,"BJP","19.5"
"Rajasthan",1990,"BJP","42.5"
"Rajasthan",1993,"BJP","47.74"
"Rajasthan",1998,"BJP","16.5"
"Rajasthan",2003,"BJP","60"
"Rajasthan",2008,"BJP","39"
"Rajasthan",2013,"BJP","81.5"
"Rajasthan",1980,"JNP(SC)","3.5"
"Rajasthan",1980,"INC(I)","66.5"
"Rajasthan",1980,"JNP(JP)","4"
"Rajasthan",1990,"JNP(JP)","0"
"Rajasthan",1985,"LKD","13.5"
"Rajasthan",1993,"LKD","0"
"Rajasthan",1990,"JD","27.5"
"Rajasthan",1993,"JD","3.02"
"Rajasthan",1998,"JD","1.5"
"Rajasthan",1990,"BSP","0"
"Rajasthan",1993,"BSP","0"
"Rajasthan",1998,"BSP","1"
"Rajasthan",2003,"BSP","1"
"Rajasthan",2008,"BSP","3"
"Rajasthan",2013,"BSP","1.5"
"Rajasthan",2003,"JD(U)","1"
"Rajasthan",2008,"JD(U)","0.5"
"Rajasthan",2013,"JD(U)","0"
"Rajasthan",1998,"INLD","0"
"Rajasthan",2003,"INLD","2"
"Rajasthan",2008,"INLD","0"
"Rajasthan",2013,"NPEP","2"
"Kerala",1965,"IND","9.02"
"Kerala",1967,"IND","11.28"
"Kerala",1970,"IND","12.03"
"Kerala",1977,"IND","6.43"
"Kerala",1980,"IND","3.57"
"Kerala",1982,"IND","23.57"
"Kerala",1987,"IND","10"
"Kerala",1991,"IND","2.86"
"Kerala",1996,"IND","3.57"
"Kerala",2001,"IND","2.14"
"Kerala",2006,"IND","3.57"
"Kerala",2011,"IND","1.43"
"Kerala",2016,"IND","4.29"
"Kerala",1965,"KC","17.29"
"Kerala",1965,"CON","27.07"
"Kerala",1965,"CPI(M)","30.08"
"Kerala",1991,"CPI(M)","0.71"
"Kerala",2006,"CPI(M)","43.57"
"Kerala",1965,"SSP","9.77"
"Kerala",1967,"SSP","14.29"
"Kerala",1967,"CPM","39.1"
"Kerala",1970,"CPM","21.8"
"Kerala",1977,"CPM","12.14"
"Kerala",1980,"CPM","25"
"Kerala",1982,"CPM","18.57"
"Kerala",1987,"CPM","27.14"
"Kerala",1991,"CPM","20"
"Kerala",1996,"CPM","28.57"
"Kerala",2001,"CPM","16.43"
"Kerala",2011,"CPM","32.14"
"Kerala",2016,"CPM","41.43"
"Kerala",1967,"MUL","10.53"
"Kerala",1970,"MUL","8.27"
"Kerala",1977,"MUL","9.29"
"Kerala",1980,"MUL","10"
"Kerala",1982,"MUL","10"
"Kerala",1987,"MUL","10.71"
"Kerala",1991,"MUL","13.57"
"Kerala",1996,"MUL","9.29"
"Kerala",2001,"MUL","11.43"
"Kerala",2006,"MUL","5"
"Kerala",2011,"MUL","14.29"
"Kerala",1965,"CPI","2.26"
"Kerala",1967,"CPI","14.29"
"Kerala",1970,"CPI","12.03"
"Kerala",1977,"CPI","16.43"
"Kerala",1980,"CPI","12.14"
"Kerala",1982,"CPI","9.29"
"Kerala",1987,"CPI","11.43"
"Kerala",1991,"CPI","8.57"
"Kerala",1996,"CPI","12.86"
"Kerala",2001,"CPI","5"
"Kerala",2006,"CPI","12.14"
"Kerala",2011,"CPI","9.29"
"Kerala",2016,"CPI","13.57"
"Kerala",1967,"KEC","3.76"
"Kerala",1970,"KEC","9.02"
"Kerala",1977,"KEC","14.29"
"Kerala",1980,"KEC","5.71"
"Kerala",1982,"KEC","4.29"
"Kerala",1987,"KEC","3.57"
"Kerala",1991,"KEC","0.71"
"Kerala",1996,"KEC","4.29"
"Kerala",2001,"KEC","1.43"
"Kerala",2006,"KEC","2.86"
"Kerala",2016,"KEC","0"
"Kerala",1967,"INC","6.77"
"Kerala",1970,"INC","22.56"
"Kerala",1977,"INC","27.14"
"Kerala",1982,"INC","14.29"
"Kerala",1987,"INC","23.57"
"Kerala",1991,"INC","39.29"
"Kerala",1996,"INC","26.43"
"Kerala",2001,"INC","44.29"
"Kerala",2006,"INC","17.14"
"Kerala",2011,"INC","27.14"
"Kerala",2016,"INC","15.71"
"Kerala",1980,"INC(U)","15"
"Kerala",1980,"INC(I)","12.14"
"Kerala",1991,"KCM","7.14"
"Kerala",1996,"KEC(M)","3.57"
"Kerala",2001,"KEC(M)","6.43"
"Kerala",2006,"KEC(M)","5"
"Kerala",2011,"KEC(M)","6.43"
"Kerala",2016,"KEC(M)","4.29"
"Kerala",2016,"IUML","12.86"
"Uttarakhand",2002,"BJP","27.14"
"Uttarakhand",2007,"BJP","49.28"
"Uttarakhand",2012,"BJP","44.29"
"Uttarakhand",2002,"IND","4.29"
"Uttarakhand",2007,"IND","4.35"
"Uttarakhand",2012,"IND","4.29"
"Uttarakhand",2002,"INC","51.43"
"Uttarakhand",2007,"INC","30.43"
"Uttarakhand",2012,"INC","45.71"
"Uttarakhand",2002,"BSP","10"
"Uttarakhand",2007,"BSP","11.59"
"Uttarakhand",2012,"BSP","4.29"
"Uttarakhand",2002,"UKKD","5.71"
"Uttarakhand",2007,"UKKD","4.35"
"Uttarakhand",2012,"UKDP","1.43"
"Jammu_&_Kashmir",1962,"NC","93.33"
"Jammu_&_Kashmir",1962,"IND","2.67"
"Jammu_&_Kashmir",1967,"IND","4"
"Jammu_&_Kashmir",1972,"IND","12"
"Jammu_&_Kashmir",1977,"IND","5.26"
"Jammu_&_Kashmir",1983,"IND","5.26"
"Jammu_&_Kashmir",1987,"IND","10.53"
"Jammu_&_Kashmir",1996,"IND","2.3"
"Jammu_&_Kashmir",2002,"IND","14.94"
"Jammu_&_Kashmir",2008,"IND","4.6"
"Jammu_&_Kashmir",2014,"IND","3.45"
"Jammu_&_Kashmir",1962,"PP","4"
"Jammu_&_Kashmir",1967,"INC","81.33"
"Jammu_&_Kashmir",1972,"INC","77.33"
"Jammu_&_Kashmir",1977,"INC","14.47"
"Jammu_&_Kashmir",1983,"INC","32.89"
"Jammu_&_Kashmir",1987,"INC","34.21"
"Jammu_&_Kashmir",1996,"INC","8.05"
"Jammu_&_Kashmir",2002,"INC","22.99"
"Jammu_&_Kashmir",2008,"INC","19.54"
"Jammu_&_Kashmir",2014,"INC","13.79"
"Jammu_&_Kashmir",1967,"JKN","10.67"
"Jammu_&_Kashmir",1977,"JKN","61.84"
"Jammu_&_Kashmir",1983,"JKN","60.53"
"Jammu_&_Kashmir",1987,"JKN","52.63"
"Jammu_&_Kashmir",1996,"JKN","65.52"
"Jammu_&_Kashmir",2002,"JKN","32.18"
"Jammu_&_Kashmir",2008,"JKN","32.18"
"Jammu_&_Kashmir",2014,"JKN","17.24"
"Jammu_&_Kashmir",1967,"BJS","4"
"Jammu_&_Kashmir",1972,"BJS","4"
"Jammu_&_Kashmir",1972,"JMI","6.67"
"Jammu_&_Kashmir",1977,"JMI","1.32"
"Jammu_&_Kashmir",1983,"JMI","0"
"Jammu_&_Kashmir",1977,"JNP","17.11"
"Jammu_&_Kashmir",1983,"JNP","0"
"Jammu_&_Kashmir",1987,"JNP","0"
"Jammu_&_Kashmir",1983,"JKP","1.32"
"Jammu_&_Kashmir",1987,"JKP","0"
"Jammu_&_Kashmir",1983,"BJP","0"
"Jammu_&_Kashmir",1987,"BJP","2.63"
"Jammu_&_Kashmir",1996,"BJP","9.2"
"Jammu_&_Kashmir",2002,"BJP","1.15"
"Jammu_&_Kashmir",2008,"BJP","12.64"
"Jammu_&_Kashmir",2014,"BJP","28.74"
"Jammu_&_Kashmir",1996,"BSP","4.6"
"Jammu_&_Kashmir",2002,"BSP","1.15"
"Jammu_&_Kashmir",2008,"BSP","0"
"Jammu_&_Kashmir",2014,"BSP","0"
"Jammu_&_Kashmir",1996,"JD","5.75"
"Jammu_&_Kashmir",2002,"JKNPP","4.6"
"Jammu_&_Kashmir",2008,"JKNPP","3.45"
"Jammu_&_Kashmir",2014,"JKNPP","0"
"Jammu_&_Kashmir",2002,"PDP","18.39"
"Jammu_&_Kashmir",2008,"JKPDP","24.14"
"Jammu_&_Kashmir",2014,"JKPDP","32.18"
"Arunachal_Pradesh",1978,"IND","16.67"
"Arunachal_Pradesh",1980,"IND","13.33"
"Arunachal_Pradesh",1984,"IND","13.33"
"Arunachal_Pradesh",1990,"IND","18.33"
"Arunachal_Pradesh",1995,"IND","20"
"Arunachal_Pradesh",1999,"IND","3.39"
"Arunachal_Pradesh",2004,"IND","22.81"
"Arunachal_Pradesh",2009,"IND","1.67"
"Arunachal_Pradesh",1978,"PPA","26.67"
"Arunachal_Pradesh",1980,"PPA","43.33"
"Arunachal_Pradesh",1984,"PPA","13.33"
"Arunachal_Pradesh",2009,"PPA","6.67"
"Arunachal_Pradesh",1978,"JNP","56.67"
"Arunachal_Pradesh",1984,"JNP","0"
"Arunachal_Pradesh",1980,"INC(I)","43.33"
"Arunachal_Pradesh",1984,"BJP","3.33"
"Arunachal_Pradesh",1995,"BJP","0"
"Arunachal_Pradesh",1999,"BJP","0"
"Arunachal_Pradesh",2004,"BJP","15.79"
"Arunachal_Pradesh",2009,"BJP","5"
"Arunachal_Pradesh",1978,"INC","0"
"Arunachal_Pradesh",1984,"INC","70"
"Arunachal_Pradesh",1990,"INC","61.67"
"Arunachal_Pradesh",1995,"INC","71.67"
"Arunachal_Pradesh",1999,"INC","88.14"
"Arunachal_Pradesh",2004,"INC","54.39"
"Arunachal_Pradesh",2009,"INC","70"
"Arunachal_Pradesh",1990,"JD","18.33"
"Arunachal_Pradesh",1995,"JD","5"
"Arunachal_Pradesh",1990,"JNP(JP)","1.67"
"Arunachal_Pradesh",1995,"JP","3.33"
"Arunachal_Pradesh",1999,"AC","1.69"
"Arunachal_Pradesh",2004,"AC","3.51"
"Arunachal_Pradesh",1999,"NCP","6.78"
"Arunachal_Pradesh",2004,"NCP","3.51"
"Arunachal_Pradesh",2009,"NCP","8.33"
"Arunachal_Pradesh",2009,"AITC","8.33"
"Tamil_Nadu",1971,"NCO","6.41"
"Tamil_Nadu",1971,"FBL","2.99"
"Tamil_Nadu",1977,"FBL","0.43"
"Tamil_Nadu",1980,"FBL","0.43"
"Tamil_Nadu",1989,"FBL","0"
"Tamil_Nadu",1991,"FBL","0"
"Tamil_Nadu",1996,"FBL","0.43"
"Tamil_Nadu",2001,"FBL","0.43"
"Tamil_Nadu",1971,"CPI","3.42"
"Tamil_Nadu",1977,"CPI","2.14"
"Tamil_Nadu",1980,"CPI","3.85"
"Tamil_Nadu",1984,"CPI","0.85"
"Tamil_Nadu",1989,"CPI","1.28"
"Tamil_Nadu",1991,"CPI","0.43"
"Tamil_Nadu",1996,"CPI","3.42"
"Tamil_Nadu",2001,"CPI","2.14"
"Tamil_Nadu",2006,"CPI","2.56"
"Tamil_Nadu",2011,"CPI","3.85"
"Tamil_Nadu",2016,"CPI","0"
"Tamil_Nadu",1971,"IND","3.42"
"Tamil_Nadu",1977,"IND","0.43"
"Tamil_Nadu",1980,"IND","3.42"
"Tamil_Nadu",1984,"IND","1.71"
"Tamil_Nadu",1989,"IND","2.14"
"Tamil_Nadu",1991,"IND","0.43"
"Tamil_Nadu",1996,"IND","0.43"
"Tamil_Nadu",2001,"IND","1.28"
"Tamil_Nadu",2006,"IND","0.43"
"Tamil_Nadu",2011,"IND","0"
"Tamil_Nadu",2016,"IND","0"
"Tamil_Nadu",1971,"DMK","78.63"
"Tamil_Nadu",1977,"DMK","20.51"
"Tamil_Nadu",1980,"DMK","15.81"
"Tamil_Nadu",1984,"DMK","10.26"
"Tamil_Nadu",1989,"DMK","64.1"
"Tamil_Nadu",1991,"DMK","0.85"
"Tamil_Nadu",1996,"DMK","73.93"
"Tamil_Nadu",2001,"DMK","13.25"
"Tamil_Nadu",2006,"DMK","41.03"
"Tamil_Nadu",2011,"DMK","9.83"
"Tamil_Nadu",2016,"DMK","38.36"
"Tamil_Nadu",1977,"ADK","55.56"
"Tamil_Nadu",1980,"ADK","55.13"
"Tamil_Nadu",1984,"ADK","56.41"
"Tamil_Nadu",1989,"ADK","0.85"
"Tamil_Nadu",1991,"ADK","70.09"
"Tamil_Nadu",1971,"CPM","0"
"Tamil_Nadu",1977,"CPM","5.13"
"Tamil_Nadu",1980,"CPM","4.7"
"Tamil_Nadu",1984,"CPM","2.14"
"Tamil_Nadu",1989,"CPM","6.41"
"Tamil_Nadu",1991,"CPM","0.43"
"Tamil_Nadu",1996,"CPM","0.43"
"Tamil_Nadu",2001,"CPM","2.56"
"Tamil_Nadu",2011,"CPM","4.27"
"Tamil_Nadu",2016,"CPM","0"
"Tamil_Nadu",1977,"INC","11.54"
"Tamil_Nadu",1984,"INC","26.07"
"Tamil_Nadu",1989,"INC","11.11"
"Tamil_Nadu",1991,"INC","25.64"
"Tamil_Nadu",1996,"INC","0"
"Tamil_Nadu",2001,"INC","2.99"
"Tamil_Nadu",2006,"INC","14.53"
"Tamil_Nadu",2011,"INC","2.14"
"Tamil_Nadu",2016,"INC","3.45"
"Tamil_Nadu",1977,"JNP","4.27"
"Tamil_Nadu",1980,"JNP","0"
"Tamil_Nadu",1984,"JNP","1.28"
"Tamil_Nadu",1989,"JNP","1.71"
"Tamil_Nadu",1980,"INC(I)","13.25"
"Tamil_Nadu",1989,"ADK(JL)","11.54"
"Tamil_Nadu",1991,"TMK","0.85"
"Tamil_Nadu",2016,"TMK","0"
"Tamil_Nadu",1996,"ADMK","1.71"
"Tamil_Nadu",2001,"ADMK","56.41"
"Tamil_Nadu",2016,"ADMK","57.76"
"Tamil_Nadu",1991,"PMK","0.43"
"Tamil_Nadu",1996,"PMK","1.71"
"Tamil_Nadu",2001,"PMK","8.55"
"Tamil_Nadu",2006,"PMK","7.69"
"Tamil_Nadu",2011,"PMK","1.28"
"Tamil_Nadu",2016,"PMK","0"
"Tamil_Nadu",1996,"TMC(M)","16.67"
"Tamil_Nadu",2001,"TMC(M)","9.83"
"Tamil_Nadu",2016,"TMC(M)","0"
"Tamil_Nadu",2006,"CPI(M)","3.85"
"Tamil_Nadu",2006,"AIADMK","26.07"
"Tamil_Nadu",2011,"AIADMK","64.1"
"Tamil_Nadu",2006,"DMDK","0.43"
"Tamil_Nadu",2011,"DMDK","12.39"
"Tamil_Nadu",2016,"DMDK","0"
"Tamil_Nadu",2016,"IUML","0.43"
"Mizoram",1972,"INC","20"
"Mizoram",1984,"INC","66.67"
"Mizoram",1987,"INC","32.5"
"Mizoram",1989,"INC","57.5"
"Mizoram",1993,"INC","40"
"Mizoram",1998,"INC","15"
"Mizoram",2003,"INC","30"
"Mizoram",2008,"INC","80"
"Mizoram",2013,"INC","85"
"Mizoram",1972,"IND","80"
"Mizoram",1978,"IND","26.67"
"Mizoram",1979,"IND","16.67"
"Mizoram",1984,"IND","6.67"
"Mizoram",1987,"IND","60"
"Mizoram",1989,"IND","5"
"Mizoram",1993,"IND","25"
"Mizoram",1998,"IND","2.5"
"Mizoram",2003,"IND","0"
"Mizoram",2008,"IND","0"
"Mizoram",2013,"IND","0"
"Mizoram",1978,"PPC","73.33"
"Mizoram",1979,"PPC","60"
"Mizoram",1987,"PPC","7.5"
"Mizoram",1989,"PPC","2.5"
"Mizoram",1979,"JNP","6.67"
"Mizoram",1979,"INC(I)","16.67"
"Mizoram",1984,"PC","26.67"
"Mizoram",1989,"MNF","35"
"Mizoram",1993,"MNF","35"
"Mizoram",1998,"MNF","52.5"
"Mizoram",2003,"MNF","52.5"
"Mizoram",2008,"MNF","7.5"
"Mizoram",2013,"MNF","12.5"
"Mizoram",1998,"MZPC","30"
"Mizoram",2003,"MZPC","7.5"
"Mizoram",2003,"HPC","2.5"
"Mizoram",2003,"ZNP","5"
"Mizoram",2008,"ZNP","5"
"Mizoram",2013,"ZNP","0"
"Mizoram",1998,"MDF","0"
"Mizoram",2003,"MDF","2.5"
"Mizoram",2008,"MDF","2.5"
"Mizoram",2013,"MDF","0"
"Mizoram",2008,"MPC","5"
"Mizoram",2013,"MPC","2.5"
"Goa",1989,"INC","50"
"Goa",1994,"INC","45"
"Goa",1999,"INC","52.5"
"Goa",2002,"INC","40"
"Goa",2007,"INC","40"
"Goa",2012,"INC","22.5"
"Goa",1989,"IND","5"
"Goa",1994,"IND","7.5"
"Goa",1999,"IND","2.5"
"Goa",2002,"IND","2.5"
"Goa",2007,"IND","5"
"Goa",2012,"IND","12.5"
"Goa",1989,"MAG","45"
"Goa",1994,"MAG","30"
"Goa",1999,"MAG","10"
"Goa",2002,"MAG","5"
"Goa",2007,"MAG","5"
"Goa",2012,"MAG","7.5"
"Goa",1989,"BJP","0"
"Goa",1994,"BJP","10"
"Goa",1999,"BJP","25"
"Goa",2002,"BJP","42.5"
"Goa",2007,"BJP","35"
"Goa",2012,"BJP","52.5"
"Goa",1994,"UGDP","7.5"
"Goa",1999,"UGDP","5"
"Goa",2002,"UGDP","7.5"
"Goa",2007,"UGDP","2.5"
"Goa",2012,"UGDP","0"
"Goa",1999,"GRCP","5"
"Goa",2007,"SGF","5"
"Goa",2002,"NCP","2.5"
"Goa",2007,"NCP","7.5"
"Goa",2012,"NCP","0"
"Goa",1999,"GVP","0"
"Goa",2002,"GVP","0"
"Goa",2012,"GVP","5"
